Rank,Year,Movie,Worldwide,Domestic,International
1,2019,Avengers: Endgame,"$2,797,800,564 ","$858,373,000 ","$1,939,427,564 "
2,2009,Avatar,"$2,788,701,337 ","$760,507,625 ","$2,028,193,712 "
3,1997,Titanic,"$2,207,986,545 ","$659,363,944 ","$1,548,622,601 "
4,2015,Star Wars Ep. VII: The Force Awakens,"$2,065,478,084 ","$936,662,225 ","$1,128,815,859 "
5,2018,Avengers: Infinity War,"$2,044,540,523 ","$678,815,482 ","$1,365,725,041 "
6,2015,Jurassic World,"$1,669,943,967 ","$652,270,625 ","$1,017,673,342 "
7,2019,The Lion King,"$1,654,791,102 ","$543,638,043 ","$1,111,153,059 "
8,2015,Furious 7,"$1,518,722,794 ","$353,007,020 ","$1,165,715,774 "
9,2012,The Avengers,"$1,515,100,211 ","$623,357,910 ","$891,742,301 "
10,2019,Frozen II,"$1,447,265,743 ","$477,373,578 ","$969,892,165 "
11,2015,Avengers: Age of Ultron,"$1,396,099,202 ","$459,005,868 ","$937,093,334 "
12,2018,Black Panther,"$1,336,547,105 ","$700,059,566 ","$636,487,539 "
13,2011,Harry Potter and the Deathly Hallows:…,"$1,335,157,491 ","$381,193,157 ","$953,964,334 "
14,2017,Star Wars Ep. VIII: The Last Jedi,"$1,332,539,889 ","$620,181,382 ","$712,358,507 "
15,2018,Jurassic World: Fallen Kingdom,"$1,308,334,005 ","$417,719,760 ","$890,614,245 "
16,2013,Frozen,"$1,268,074,252 ","$400,738,009 ","$867,336,243 "
17,2017,Beauty and the Beast,"$1,256,143,089 ","$504,014,165 ","$752,128,924 "
18,2018,Incredibles 2,"$1,242,805,359 ","$608,581,744 ","$634,223,615 "
19,2017,The Fate of the Furious,"$1,236,703,796 ","$225,764,765 ","$1,010,939,031 "
20,2013,Iron Man 3,"$1,215,392,272 ","$408,992,272 ","$806,400,000 "
21,2015,Minions,"$1,159,631,140 ","$336,045,770 ","$823,585,370 "
22,2016,Captain America: Civil War,"$1,151,918,521 ","$408,084,349 ","$743,834,172 "
23,2018,Aquaman,"$1,143,966,520 ","$335,061,807 ","$808,904,713 "
24,2019,Spider-Man: Far From Home,"$1,130,108,036 ","$390,532,085 ","$739,575,951 "
25,2019,Captain Marvel,"$1,129,729,839 ","$426,829,839 ","$702,900,000 "
26,2011,Transformers: Dark of the Moon,"$1,123,794,079 ","$352,390,543 ","$771,403,536 "
27,2003,The Lord of the Rings: The Return of …,"$1,120,224,046 ","$377,845,905 ","$742,378,141 "
28,2012,Skyfall,"$1,110,526,981 ","$304,360,277 ","$806,166,704 "
29,2014,Transformers: Age of Extinction,"$1,104,054,072 ","$245,439,076 ","$858,614,996 "
30,2012,The Dark Knight Rises,"$1,082,228,107 ","$448,139,099 ","$634,089,008 "
31,2019,Toy Story 4,"$1,073,394,813 ","$434,038,008 ","$639,356,805 "
32,2019,Star Wars: The Rise of Skywalker,"$1,072,944,222 ","$515,202,542 ","$557,741,680 "
33,2019,Joker,"$1,072,556,671 ","$335,451,311 ","$737,105,360 "
34,2010,Toy Story 3,"$1,068,879,522 ","$415,004,880 ","$653,874,642 "
35,2006,Pirates of the Caribbean: Dead Man’s …,"$1,066,215,812 ","$423,315,812 ","$642,900,000 "
36,2016,Rogue One: A Star Wars Story,"$1,055,135,598 ","$532,177,324 ","$522,958,274 "
37,1993,Aladdin,"$1,046,961,009 ","$355,559,216 ","$691,401,793 "
38,2011,Pirates of the Caribbean: On Stranger…,"$1,045,663,875 ","$241,063,875 ","$804,600,000 "
39,1993,Jurassic Park,"$1,045,573,035 ","$402,523,348 ","$643,049,687 "
40,2017,Despicable Me 3,"$1,032,596,894 ","$264,624,300 ","$767,972,594 "
41,1999,Star Wars Ep. I: The Phantom Menace,"$1,027,044,677 ","$474,544,677 ","$552,500,000 "
42,2010,Alice in Wonderland,"$1,025,491,110 ","$334,191,110 ","$691,300,000 "
43,2016,Finding Dory,"$1,025,006,125 ","$486,295,561 ","$538,710,564 "
44,2012,The Hobbit: An Unexpected Journey,"$1,017,003,568 ","$303,003,568 ","$714,000,000 "
45,2016,Zootopia,"$1,005,980,798 ","$341,268,248 ","$664,712,550 "
46,2008,The Dark Knight,"$999,843,611 ","$533,720,947 ","$466,122,664 "
47,1994,The Lion King,"$986,214,868 ","$421,785,283 ","$564,429,585 "
48,2013,Despicable Me 2,"$975,216,835 ","$368,065,385 ","$607,151,450 "
49,2001,Harry Potter and the Sorcerer’s Stone,"$967,302,950 ","$317,871,467 ","$649,431,483 "
50,2007,Pirates of the Caribbean: At World’s …,"$963,420,425 ","$309,420,425 ","$654,000,000 "
51,2017,Jumanji: Welcome to the Jungle,"$961,230,193 ","$404,508,916 ","$556,721,277 "
52,2013,The Hobbit: The Desolation of Smaug,"$960,238,087 ","$258,241,522 ","$701,996,565 "
53,2010,Harry Potter and the Deathly Hallows:…,"$956,871,758 ","$296,131,568 ","$660,740,190 "
54,2016,The Jungle Book,"$953,590,592 ","$364,001,123 ","$589,589,469 "
55,2014,The Hobbit: The Battle of the Five Ar…,"$943,328,905 ","$255,119,788 ","$688,209,117 "
56,2007,Harry Potter and the Order of the Pho…,"$941,145,555 ","$292,137,260 ","$649,008,295 "
57,2003,Finding Nemo,"$936,094,852 ","$380,529,370 ","$555,565,482 "
58,2004,Shrek 2,"$935,253,978 ","$441,226,247 ","$494,027,731 "
59,2009,Harry Potter and the Half-Blood Prince,"$931,207,376 ","$302,089,278 ","$629,118,098 "
60,2002,The Lord of the Rings: The Two Towers,"$919,148,764 ","$342,548,984 ","$576,599,780 "
61,2018,Bohemian Rhapsody,"$895,710,241 ","$216,303,339 ","$679,406,902 "
62,2007,Spider-Man 3,"$894,860,230 ","$336,530,303 ","$558,329,927 "
63,2005,Harry Potter and the Goblet of Fire,"$892,779,071 ","$290,201,752 ","$602,577,319 "
64,2001,The Lord of the Rings: The Fellowship…,"$887,210,985 ","$315,544,750 ","$571,666,235 "
65,2009,Ice Age: Dawn of the Dinosaurs,"$886,686,817 ","$196,573,705 ","$690,113,112 "
66,2016,The Secret Life of Pets,"$885,302,500 ","$368,384,330 ","$516,918,170 "
67,2017,Spider-Man: Homecoming,"$880,166,350 ","$334,201,140 ","$545,965,210 "
68,2012,Ice Age: Continental Drift,"$879,765,137 ","$161,321,843 ","$718,443,294 "
69,2015,Spectre,"$879,500,760 ","$200,074,175 ","$679,426,585 "
70,2002,Harry Potter and the Chamber of Secrets,"$876,508,805 ","$262,233,381 ","$614,275,424 "
71,2016,Batman v Superman: Dawn of Justice,"$872,395,091 ","$330,360,194 ","$542,034,897 "
72,2017,Guardians of the Galaxy Vol 2,"$869,113,101 ","$389,813,101 ","$479,300,000 "
73,2013,The Hunger Games: Catching Fire,"$864,868,047 ","$424,668,047 ","$440,200,000 "
74,2015,Inside Out,"$855,210,203 ","$356,461,711 ","$498,748,492 "
75,2018,Venom,"$853,628,605 ","$213,511,408 ","$640,117,197 "
76,2017,Thor: Ragnarok,"$851,390,135 ","$315,058,289 ","$536,331,846 "
77,2005,Star Wars Ep. III: Revenge of the Sith,"$848,998,877 ","$380,270,577 ","$468,728,300 "
78,2009,Transformers: Revenge of the Fallen,"$836,519,699 ","$402,111,870 ","$434,407,829 "
79,2017,Zhan Lang 2,"$835,474,171 ","$2,721,100 ","$832,753,071 "
80,2012,"The Twilight Saga: Breaking Dawn, Part 2","$829,724,737 ","$292,324,737 ","$537,400,000 "
81,2002,Spider-Man,"$821,706,375 ","$403,706,375 ","$418,000,000 "
82,2017,Wonder Woman,"$818,793,055 ","$412,563,408 ","$406,229,647 "
83,1996,Independence Day,"$817,400,878 ","$306,169,255 ","$511,231,623 "
84,2016,Fantastic Beasts and Where to Find Them,"$812,091,803 ","$234,037,575 ","$578,054,228 "
85,2007,Shrek the Third,"$807,330,936 ","$322,719,944 ","$484,610,992 "
86,2017,Coco,"$798,330,070 ","$210,460,015 ","$587,870,055 "
87,2019,Jumanji: The Next Level,"$797,366,325 ","$316,831,246 ","$480,535,079 "
88,2004,Spider-Man 2,"$794,697,557 ","$373,524,485 ","$421,173,072 "
89,1982,E.T. the Extra-Terrestrial,"$792,962,972 ","$435,110,554 ","$357,852,418 "
90,2004,Harry Potter and the Prisoner of Azkaban,"$789,961,033 ","$249,757,726 ","$540,203,307 "
91,2013,Fast and Furious 6,"$789,300,444 ","$238,679,850 ","$550,620,594 "
92,2017,Pirates of the Caribbean: Dead Men Te…,"$788,241,137 ","$172,558,876 ","$615,682,261 "
93,2018,Mission: Impossible—Fallout,"$787,176,729 ","$220,159,104 ","$567,017,625 "
94,2018,Deadpool 2,"$786,680,557 ","$324,591,735 ","$462,088,822 "
95,2008,Indiana Jones and the Kingdom of the …,"$786,635,413 ","$317,101,119 ","$469,534,294 "
96,2016,Deadpool,"$785,025,593 ","$363,070,709 ","$421,954,884 "
97,1977,Star Wars Ep. IV: A New Hope,"$775,398,007 ","$460,998,007 ","$314,400,000 "
98,2014,Guardians of the Galaxy,"$770,340,395 ","$333,172,112 ","$437,168,283 "
99,2006,The Da Vinci Code,"$767,820,459 ","$217,536,138 ","$550,284,321 "
100,2014,The Hunger Games: Mockingjay - Part 1,"$766,575,131 ","$337,135,885 ","$429,439,246 "
101,2019,Fast & Furious Presents: Hobbs & Shaw,"$759,765,123 ","$173,956,935 ","$585,808,188 "
102,2014,Maleficent,"$758,536,735 ","$241,407,328 ","$517,129,407 "
103,2012,The Amazing Spider-Man,"$757,890,267 ","$262,030,663 ","$495,859,604 "
104,2009,2012,"$757,677,748 ","$166,112,167 ","$591,565,581 "
105,2010,Shrek Forever After,"$756,244,673 ","$238,736,787 ","$517,507,886 "
106,2014,X-Men: Days of Future Past,"$747,862,775 ","$233,921,534 ","$513,941,241 "
107,2012,Madagascar 3: Europe's Most Wanted,"$746,921,271 ","$216,391,482 ","$530,529,789 "
108,2016,Suicide Squad,"$746,846,894 ","$325,100,054 ","$421,746,840 "
109,2013,Monsters University,"$743,588,329 ","$268,488,329 ","$475,100,000 "
110,2019,Ne Zha Zhi Mo Tong Jiang Shi,"$742,514,069 ","$3,695,533 ","$738,818,536 "
111,2003,The Matrix Reloaded,"$738,576,929 ","$281,553,689 ","$457,023,240 "
112,2009,Up,"$731,463,377 ","$293,004,164 ","$438,459,213 "
113,2010,Inception,"$728,582,465 ","$292,576,195 ","$436,006,270 "
114,2005,"The Chronicles of Narnia: The Lion, t…","$720,539,572 ","$291,710,957 ","$428,828,615 "
115,2014,Captain America: The Winter Soldier,"$714,401,889 ","$259,746,958 ","$454,654,931 "
116,2014,Dawn of the Planet of the Apes,"$710,644,566 ","$208,545,589 ","$502,098,977 "
117,2014,The Amazing Spider-Man 2,"$708,996,336 ","$202,853,933 ","$506,142,403 "
118,2007,Transformers,"$708,272,592 ","$319,246,193 ","$389,026,399 "
119,2010,The Twilight Saga: Eclipse,"$706,102,828 ","$300,531,751 ","$405,571,077 "
120,2017,It,"$701,720,047 ","$328,828,874 ","$372,891,173 "
121,2011,Mission: Impossible—Ghost Protocol,"$694,713,230 ","$209,397,903 ","$485,315,327 "
122,2013,Gravity,"$689,742,192 ","$274,092,705 ","$415,649,487 "
123,2011,"The Twilight Saga: Breaking Dawn, Part 1","$689,420,051 ","$281,287,133 ","$408,132,918 "
124,2019,Liu Lang Di Qiu,"$688,934,822 ","$5,875,487 ","$683,059,335 "
125,2015,Mission: Impossible—Rogue Nation,"$688,858,992 ","$195,042,377 ","$493,816,615 "
126,2009,The Twilight Saga: New Moon,"$687,557,727 ","$296,623,634 ","$390,934,093 "
127,1994,Forrest Gump,"$679,838,260 ","$330,151,138 ","$349,687,122 "
128,2012,The Hunger Games,"$677,923,379 ","$408,010,692 ","$269,912,687 "
129,2016,Doctor Strange,"$676,354,481 ","$232,641,920 ","$443,712,561 "
130,1999,The Sixth Sense,"$672,806,292 ","$293,506,292 ","$379,300,000 "
131,2013,Man of Steel,"$667,999,518 ","$291,045,518 ","$376,954,000 "
132,2011,Kung Fu Panda 2,"$664,837,547 ","$165,249,063 ","$499,588,484 "
133,2002,Star Wars Ep. II: Attack of the Clones,"$656,695,615 ","$310,676,740 ","$346,018,875 "
134,2017,Justice League,"$655,945,209 ","$229,024,295 ","$426,920,914 "
135,2015,The Martian,"$655,194,200 ","$228,433,663 ","$426,760,537 "
136,2003,Pirates of the Caribbean: The Curse o…,"$654,310,819 ","$305,410,819 ","$348,900,000 "
137,2012,Men in Black 3,"$654,213,485 ","$179,020,854 ","$475,192,631 "
138,2014,Interstellar,"$654,117,759 ","$188,017,894 ","$466,099,865 "
139,2006,Ice Age: The Meltdown,"$651,899,282 ","$195,330,621 ","$456,568,661 "
140,2018,Fantastic Beasts: The Crimes of Grind…,"$651,280,475 ","$159,555,901 ","$491,724,574 "
141,2014,Big Hero 6,"$649,683,252 ","$222,527,828 ","$427,155,424 "
142,2015,The Hunger Games: Mockingjay - Part 2,"$648,986,787 ","$281,723,902 ","$367,262,885 "
143,2013,Thor: The Dark World,"$644,602,516 ","$206,362,140 ","$438,240,376 "
144,2016,Moana,"$636,344,793 ","$248,757,044 ","$387,587,749 "
145,2016,Sing,"$632,483,611 ","$270,329,045 ","$362,154,566 "
146,2008,Kung Fu Panda,"$631,910,531 ","$215,434,591 ","$416,475,940 "
147,2004,The Incredibles,"$631,441,092 ","$261,441,092 ","$370,000,000 "
148,2011,Fast Five,"$630,163,454 ","$210,031,325 ","$420,132,129 "
149,2007,Ratatouille,"$626,549,695 ","$206,445,654 ","$420,104,041 "
150,2008,Hancock,"$624,234,272 ","$227,946,274 ","$396,287,998 "
151,2018,Ant-Man and the Wasp,"$623,144,660 ","$216,648,740 ","$406,495,920 "
152,2004,The Passion of the Christ,"$622,313,635 ","$370,782,930 ","$251,530,705 "
153,2010,Iron Man 2,"$621,156,389 ","$312,433,331 ","$308,723,058 "
154,2012,Life of Pi,"$619,310,368 ","$124,987,022 ","$494,323,346 "
155,1997,The Lost World: Jurassic Park,"$618,638,999 ","$229,086,679 ","$389,552,320 "
156,2014,How to Train Your Dragon 2,"$614,586,270 ","$177,002,924 ","$437,583,346 "
157,2017,Logan,"$614,202,315 ","$226,277,068 ","$387,925,247 "
158,2005,War of the Worlds,"$606,836,535 ","$234,280,354 ","$372,556,181 "
159,2008,Mamma Mia!,"$603,604,074 ","$144,130,063 ","$459,474,011 "
160,2017,Transformers: The Last Knight,"$602,893,340 ","$130,168,683 ","$472,724,657 "
161,2008,Madagascar: Escape 2 Africa,"$599,680,774 ","$180,174,880 ","$419,505,894 "
162,2006,Casino Royale,"$594,420,283 ","$167,365,000 ","$427,055,283 "
163,2008,Quantum of Solace,"$591,692,078 ","$169,368,427 ","$422,323,651 "
164,1997,Men in Black,"$587,790,539 ","$250,690,539 ","$337,100,000 "
165,2011,The Hangover Part II,"$586,464,305 ","$254,464,305 ","$332,000,000 "
166,2010,Tangled,"$585,727,091 ","$200,821,936 ","$384,905,155 "
167,2007,I am Legend,"$585,532,684 ","$256,393,010 ","$329,139,674 "
168,2008,Iron Man,"$585,171,547 ","$318,604,126 ","$266,567,421 "
169,2006,Night at the Museum,"$579,446,407 ","$250,863,268 ","$328,583,139 "
170,2018,Ready Player One,"$579,055,653 ","$137,690,172 ","$441,365,481 "
171,2013,The Croods,"$573,068,425 ","$187,168,425 ","$385,900,000 "
172,2015,Fifty Shades of Grey,"$570,998,101 ","$166,167,230 ","$404,830,871 "
173,2011,The Smurfs,"$563,749,323 ","$142,614,158 ","$421,135,165 "
174,2017,Kong: Skull Island,"$561,072,059 ","$168,052,812 ","$393,019,247 "
175,2001,"Monsters, Inc.","$560,251,719 ","$289,917,425 ","$270,334,294 "
176,2011,Cars 2,"$560,155,383 ","$191,450,875 ","$368,704,508 "
177,2005,Madagascar,"$556,559,566 ","$193,595,521 ","$362,964,045 "
178,2012,Ted,"$556,016,627 ","$218,665,740 ","$337,350,887 "
179,2004,The Day After Tomorrow,"$555,840,117 ","$186,740,799 ","$369,099,318 "
180,2011,Puss in Boots,"$554,987,477 ","$149,260,504 ","$405,726,973 "
181,2012,Brave,"$554,606,532 ","$237,282,182 ","$317,324,350 "
182,1998,Armageddon,"$554,600,000 ","$201,578,182 ","$353,021,818 "
183,2005,King Kong,"$550,517,357 ","$218,080,025 ","$332,437,332 "
184,2000,Mission: Impossible 2,"$549,588,516 ","$215,409,889 ","$334,178,627 "
185,1980,Star Wars Ep. V: The Empire Strikes Back,"$549,025,718 ","$291,738,960 ","$257,286,758 "
186,2014,American Sniper,"$547,326,372 ","$350,126,372 ","$197,200,000 "
187,2018,Tang Ren Jie Tan An 2,"$544,068,574 ","$1,983,984 ","$542,084,590 "
188,2010,Despicable Me,"$543,464,573 ","$251,513,985 ","$291,950,588 "
189,2016,X-Men: Apocalypse,"$542,537,546 ","$155,442,489 ","$387,095,057 "
190,2011,Sherlock Holmes: A Game of Shadows,"$535,663,443 ","$186,848,418 ","$348,815,025 "
191,2015,Cinderella,"$534,551,353 ","$201,151,353 ","$333,400,000 "
192,2018,Hong Hai Xing Dong,"$533,601,535 ","$1,543,547 ","$532,057,988 "
193,2015,The Revenant,"$532,938,302 ","$183,637,894 ","$349,300,408 "
194,2008,WALL-E,"$532,508,025 ","$223,808,164 ","$308,699,861 "
195,2013,World War Z,"$531,514,650 ","$202,359,711 ","$329,154,939 "
196,2018,Ralph Breaks The Internet,"$529,290,830 ","$201,091,711 ","$328,199,119 "
197,2014,Godzilla,"$529,076,069 ","$200,676,069 ","$328,400,000 "
198,2017,The Boss Baby,"$527,965,936 ","$175,003,033 ","$352,962,903 "
199,2018,The Meg,"$527,370,715 ","$145,443,742 ","$381,926,973 "
200,2018,Hotel Transylvania 3: Summer Vacation,"$527,103,195 ","$167,500,092 ","$359,603,103 "
201,2007,The Simpsons Movie,"$527,071,022 ","$183,135,014 ","$343,936,008 "
202,2016,Mei Ren Yu,"$525,018,479 ","$3,229,457 ","$521,789,022 "
203,2019,How to Train Your Dragon: The Hidden …,"$522,139,836 ","$160,799,505 ","$361,340,331 "
204,2016,Kung Fu Panda 3,"$521,170,825 ","$143,528,619 ","$377,642,206 "
205,2017,Dunkirk,"$520,155,374 ","$190,068,280 ","$330,087,094 "
206,2015,Ant-Man,"$518,858,449 ","$180,202,163 ","$338,656,286 "
207,1990,Ghost,"$517,600,000 ","$217,631,306 ","$299,968,694 "
208,2004,Meet the Fockers,"$516,567,575 ","$279,167,575 ","$237,400,000 "
209,1991,Terminator 2: Judgment Day,"$515,390,883 ","$203,464,105 ","$311,926,778 "
210,2018,Dr. Seuss’ The Grinch,"$511,669,509 ","$270,620,950 ","$241,048,559 "
211,1999,Toy Story 2,"$511,358,276 ","$245,852,179 ","$265,506,097 "
212,1992,Aladdin,"$504,050,219 ","$217,350,219 ","$286,700,000 "
213,2009,Sherlock Holmes,"$498,438,212 ","$209,028,679 ","$289,409,533 "
214,2012,Wreck-It Ralph,"$496,511,521 ","$189,412,677 ","$307,098,844 "
215,1996,Twister,"$495,700,000 ","$241,688,385 ","$254,011,615 "
216,2010,How to Train Your Dragon,"$494,870,992 ","$217,581,232 ","$277,289,760 "
217,2010,Clash of the Titans,"$493,214,888 ","$163,214,888 ","$330,000,000 "
218,2014,Rio 2,"$492,846,291 ","$131,538,435 ","$361,307,856 "
219,2001,Shrek,"$491,812,794 ","$267,655,011 ","$224,157,783 "
220,2009,Angels & Demons,"$490,875,846 ","$133,375,846 ","$357,500,000 "
221,2013,Oz the Great and Powerful,"$490,359,051 ","$234,770,996 ","$255,588,055 "
222,2017,War for the Planet of the Apes,"$489,592,267 ","$146,880,162 ","$342,712,105 "
223,2019,Maleficent: Mistress of Evil,"$489,346,495 ","$113,929,605 ","$375,416,890 "
224,2011,Rio,"$487,519,809 ","$143,619,809 ","$343,900,000 "
225,2005,Mr. and Mrs. Smith,"$486,124,090 ","$186,336,279 ","$299,787,811 "
226,1998,Saving Private Ryan,"$485,035,085 ","$216,335,085 ","$268,700,000 "
227,2014,Teenage Mutant Ninja Turtles,"$485,004,754 ","$191,204,754 ","$293,800,000 "
228,2012,Les Intouchables,"$484,873,045 ","$13,182,281 ","$471,690,764 "
229,2003,Bruce Almighty,"$484,468,608 ","$242,704,995 ","$241,763,613 "
230,2004,Troy,"$483,152,040 ","$133,298,577 ","$349,853,463 "
231,1990,Home Alone,"$476,684,675 ","$285,761,243 ","$190,923,432 "
232,2005,Charlie and the Chocolate Factory,"$475,825,484 ","$206,459,076 ","$269,366,408 "
233,1983,Star Wars Ep. VI: Return of the Jedi,"$475,106,177 ","$309,205,079 ","$165,901,098 "
234,1989,Indiana Jones and the Last Crusade,"$474,171,806 ","$197,171,806 ","$277,000,000 "
235,2011,Rise of the Planet of the Apes,"$470,986,200 ","$176,760,185 ","$294,226,015 "
236,1975,Jaws,"$470,700,000 ","$260,000,000 ","$210,700,000 "
237,2019,It: Chapter Two,"$469,566,806 ","$211,593,228 ","$257,973,578 "
238,2015,Hotel Transylvania 2,"$469,500,298 ","$169,700,110 ","$299,800,188 "
239,2014,The Lego Movie,"$468,084,718 ","$257,784,718 ","$210,300,000 "
240,2013,Star Trek Into Darkness,"$467,381,584 ","$228,778,661 ","$238,602,923 "
241,2009,The Hangover,"$465,487,583 ","$277,322,503 ","$188,165,080 "
242,2019,Wo he wo de zu guo,"$465,418,019 ","$2,323,409 ","$463,094,610 "
243,1999,The Matrix,"$465,377,200 ","$173,396,389 ","$291,980,811 "
244,2018,Bumblebee,"$465,195,589 ","$127,195,589 ","$338,000,000 "
245,2020,Ba bai,"$462,760,324 ",,"$462,760,324 "
246,2006,Cars,"$461,630,558 ","$244,082,982 ","$217,547,576 "
247,2006,X-Men: The Last Stand,"$459,260,946 ","$234,362,462 ","$224,898,484 "
248,1996,Mission: Impossible,"$457,697,994 ","$180,981,886 ","$276,716,108 "
249,2000,Gladiator,"$457,683,805 ","$187,683,805 ","$270,000,000 "
250,2014,Lucy,"$457,507,776 ","$126,573,960 ","$330,933,816 "
251,2007,National Treasure: Book of Secrets,"$457,325,804 ","$219,961,501 ","$237,364,303 "
252,2003,The Last Samurai,"$456,810,575 ","$111,110,575 ","$345,700,000 "
253,2015,San Andreas,"$456,258,539 ","$155,190,832 ","$301,067,707 "
254,2007,300,"$454,161,935 ","$210,614,939 ","$243,546,996 "
255,2018,Wo Bi Shi Yao Shen,"$451,183,392 ","$6,752 ","$451,176,640 "
256,2001,Ocean's Eleven,"$450,728,529 ","$183,417,150 ","$267,311,379 "
257,2012,Django Unchained,"$449,841,566 ","$162,805,434 ","$287,036,132 "
258,2011,Thor,"$449,326,618 ","$181,030,624 ","$268,295,994 "
259,2001,Pearl Harbor,"$449,239,853 ","$198,539,855 ","$250,699,998 "
260,1999,Tarzan,"$448,191,819 ","$171,091,819 ","$277,100,000 "
261,2007,The Bourne Ultimatum,"$444,043,396 ","$227,471,070 ","$216,572,326 "
262,2016,La La Land,"$444,005,852 ","$151,101,803 ","$292,904,049 "
263,2009,Alvin and the Chipmunks: The Squeakquel,"$443,483,213 ","$219,614,612 ","$223,868,601 "
264,2002,Men in Black 2,"$441,767,803 ","$190,418,803 ","$251,349,000 "
265,1993,Mrs. Doubtfire,"$441,286,003 ","$219,195,051 ","$222,090,952 "
266,2016,Warcraft,"$438,899,824 ","$47,365,290 ","$391,534,534 "
267,1991,Beauty and the Beast,"$438,656,843 ","$206,333,165 ","$232,323,678 "
268,2012,Les Misérables,"$438,420,442 ","$148,809,770 ","$289,610,672 "
269,2017,The Greatest Showman,"$437,539,181 ","$174,340,174 ","$263,199,007 "
270,2001,The Mummy Returns,"$435,040,395 ","$202,007,640 ","$233,032,755 "
271,2019,The Secret Life of Pets 2,"$434,441,844 ","$158,874,395 ","$275,567,449 "
272,2003,Terminator 3: Rise of the Machines,"$433,058,296 ","$150,358,296 ","$282,700,000 "
273,1990,Pretty Woman,"$432,566,361 ","$178,406,268 ","$254,160,093 "
274,2018,A Star is Born,"$432,415,010 ","$215,288,866 ","$217,126,144 "
275,2015,Terminator: Genisys,"$432,150,894 ","$89,760,956 ","$342,389,938 "
276,2019,Pokémon: Detective Pikachu,"$432,142,736 ","$144,105,346 ","$288,037,390 "
277,2002,Die Another Day,"$431,942,139 ","$160,942,139 ","$271,000,000 "
278,2010,The King’s Speech,"$430,821,168 ","$138,797,449 ","$292,023,719 "
279,1973,The Exorcist,"$428,214,478 ","$230,347,346 ","$197,867,132 "
280,2018,Rampage,"$427,947,217 ","$101,028,233 ","$326,918,984 "
281,2003,The Matrix Revolutions,"$427,300,260 ","$139,270,910 ","$288,029,350 "
282,2000,Cast Away,"$427,230,516 ","$233,632,142 ","$193,598,374 "
283,2020,Bad Boys For Life,"$424,526,356 ","$204,417,855 ","$220,108,501 "
284,1990,Dances with Wolves,"$424,208,842 ","$184,208,842 ","$240,000,000 "
285,2010,The Chronicles of Narnia: The Voyage …,"$418,186,950 ","$104,386,950 ","$313,800,000 "
286,2019,Zhongguo jizhang,"$417,654,292 ","$706,572 ","$416,947,720 "
287,2008,The Chronicles of Narnia: Prince Caspian,"$417,341,288 ","$141,621,490 ","$275,719,798 "
288,2013,The Wolverine,"$416,456,852 ","$132,556,852 ","$283,900,000 "
289,1999,The Mummy,"$416,385,488 ","$155,385,488 ","$261,000,000 "
290,2016,Jason Bourne,"$416,168,316 ","$162,192,920 ","$253,975,396 "
291,2008,Sex and the City,"$415,247,258 ","$152,647,258 ","$262,600,000 "
292,1988,Rain Man,"$412,800,000 ","$172,825,435 ","$239,974,565 "
293,1989,Batman,"$411,348,924 ","$251,188,924 ","$160,160,000 "
294,2013,Pacific Rim,"$411,002,906 ","$101,802,906 ","$309,200,000 "
295,1992,The Bodyguard,"$410,945,720 ","$121,945,720 ","$289,000,000 "
296,2017,The Mummy,"$409,953,905 ","$80,101,125 ","$329,852,780 "
297,2017,Kingsman: The Golden Circle,"$408,803,696 ","$100,234,838 ","$308,568,858 "
298,2002,Signs,"$408,250,578 ","$227,969,295 ","$180,281,283 "
299,2003,X-Men 2,"$406,348,630 ","$214,949,694 ","$191,398,936 "
300,2008,The Mummy: Tomb of the Dragon Emperor,"$405,760,225 ","$102,491,776 ","$303,268,449 "
301,2015,Kingsman: The Secret Service,"$404,561,724 ","$128,261,724 ","$276,300,000 "
302,2012,Prometheus,"$402,448,265 ","$126,477,084 ","$275,971,181 "
303,2008,Twilight,"$402,280,159 ","$192,769,854 ","$209,510,305 "
304,2009,Night at the Museum: Battle of the Sm…,"$402,231,063 ","$177,243,721 ","$224,987,342 "
305,2016,Ice Age: Collision Course,"$402,156,682 ","$64,063,008 ","$338,093,674 "
306,2019,Alita: Battle Angel,"$401,779,739 ","$85,710,210 ","$316,069,529 "
307,2012,Snow White and the Huntsman,"$401,021,746 ","$155,136,755 ","$245,884,991 "
308,2010,Tron: Legacy,"$400,062,763 ","$172,062,763 ","$228,000,000 "
309,2006,Mission: Impossible III,"$399,387,745 ","$133,501,348 ","$265,886,397 "
310,2018,Solo: A Star Wars Story,"$393,151,347 ","$213,767,512 ","$179,383,835 "
311,2018,Mamma Mia: Here We Go Again!,"$392,879,661 ","$120,634,935 ","$272,244,726 "
312,2006,Superman Returns,"$391,081,192 ","$200,120,000 ","$190,961,192 "
313,1939,Gone with the Wind,"$390,525,192 ","$198,680,470 ","$191,844,722 "
314,1991,Robin Hood: Prince of Thieves,"$390,500,000 ","$165,493,908 ","$225,006,092 "
315,2013,The Wolf of Wall Street,"$389,918,903 ","$116,949,183 ","$272,969,720 "
316,1978,Grease,"$387,483,897 ","$181,813,770 ","$205,670,127 "
317,2009,Star Trek,"$386,839,614 ","$257,730,019 ","$129,109,595 "
318,2020,Wo He Wo De Jia Xiang,"$386,150,239 ",,"$386,150,239 "
319,2002,Ice Age,"$386,116,343 ","$176,387,405 ","$209,728,938 "
320,2015,Home,"$385,997,896 ","$177,397,510 ","$208,600,386 "
321,1985,Back to the Future,"$385,521,815 ","$212,259,762 ","$173,262,053 "
322,2006,Happy Feet,"$385,000,317 ","$198,000,317 ","$187,000,000 "
323,2016,Independence Day: Resurgence,"$384,169,424 ","$103,144,286 ","$281,025,138 "
324,2008,Slumdog Millionaire,"$383,825,427 ","$141,330,703 ","$242,494,724 "
325,2017,Cars 3,"$383,541,369 ","$152,901,115 ","$230,640,254 "
326,2019,Godzilla: King of the Monsters,"$383,299,915 ","$110,500,138 ","$272,799,777 "
327,2007,Live Free or Die Hard,"$382,288,147 ","$134,529,403 ","$247,758,744 "
328,2009,Monsters vs. Aliens,"$381,687,380 ","$198,351,526 ","$183,335,854 "
329,2017,Fifty Shades Darker,"$381,367,046 ","$114,434,010 ","$266,933,036 "
330,2012,Hotel Transylvania,"$378,505,812 ","$148,313,048 ","$230,192,764 "
331,2012,Taken 2,"$377,807,404 ","$139,854,287 ","$237,953,117 "
332,2019,Once Upon a Time…in Hollywood,"$376,158,396 ","$142,502,728 ","$233,655,668 "
333,1998,Godzilla,"$376,000,000 ","$136,314,294 ","$239,685,706 "
334,2013,G.I. Joe: Retaliation,"$375,740,705 ","$122,523,060 ","$253,217,645 "
335,2018,Spider-Man: Into The Spider-Verse 3D,"$375,040,414 ","$190,173,195 ","$184,867,219 "
336,2002,My Big Fat Greek Wedding,"$374,890,034 ","$241,438,208 ","$133,451,826 "
337,2009,X-Men Origins: Wolverine,"$374,825,760 ","$179,883,157 ","$194,942,603 "
338,2000,What Women Want,"$374,105,123 ","$182,805,123 ","$191,300,000 "
339,2011,The Adventures of Tintin,"$373,993,951 ","$77,591,831 ","$296,402,120 "
340,2018,Fifty Shades Freed,"$371,985,018 ","$100,407,760 ","$271,577,258 "
341,2004,Shark Tale,"$371,741,123 ","$161,412,000 ","$210,329,123 "
342,2011,Captain America: The First Avenger,"$370,569,776 ","$176,654,505 ","$193,915,271 "
343,2014,Edge of Tomorrow,"$370,541,256 ","$100,206,256 ","$270,335,000 "
344,1998,There's Something About Mary,"$369,884,651 ","$176,484,651 ","$193,400,000 "
345,2014,Gone Girl,"$368,567,189 ","$167,767,189 ","$200,800,000 "
346,2015,Mad Max: Fury Road,"$368,243,636 ","$153,636,354 ","$214,607,282 "
347,1981,Raiders of the Lost Ark,"$367,452,079 ","$225,686,079 ","$141,766,000 "
348,2007,The Golden Compass,"$367,262,558 ","$70,107,728 ","$297,154,830 "
349,2018,Xi Hong Shi Shou Fu,"$366,961,920 ",,"$366,961,920 "
350,2014,Penguins of Madagascar,"$366,942,531 ","$83,350,911 ","$283,591,620 "
351,2005,Hitch,"$366,784,257 ","$177,784,257 ","$189,000,000 "
352,2019,1917,"$366,672,058 ","$159,227,644 ","$207,444,414 "
353,1995,Die Hard: With a Vengeance,"$366,101,666 ","$100,012,499 ","$266,089,167 "
354,2001,Jurassic Park III,"$365,900,000 ","$181,166,115 ","$184,733,885 "
355,2009,Terminator Salvation,"$365,491,792 ","$125,322,469 ","$240,169,323 "
356,1994,True Lies,"$365,300,000 ","$146,282,411 ","$219,017,589 "
357,1995,Toy Story,"$364,543,951 ","$191,796,233 ","$172,747,718 "
358,1999,Notting Hill,"$363,718,196 ","$116,089,678 ","$247,628,518 "
359,2019,Shazam!,"$363,664,533 ","$140,371,656 ","$223,292,877 "
360,2018,The Nun,"$363,391,647 ","$117,450,119 ","$245,941,528 "
361,1998,A Bug's Life,"$363,095,319 ","$162,798,565 ","$200,296,754 "
362,2009,Fast & Furious,"$363,064,265 ","$155,064,265 ","$208,000,000 "
363,2004,Ocean's Twelve,"$362,989,076 ","$125,531,634 ","$237,457,442 "
364,2007,Alvin and the Chipmunks,"$362,605,033 ","$217,326,974 ","$145,278,059 "
365,2001,Planet of the Apes,"$362,211,740 ","$180,011,740 ","$182,200,000 "
366,2013,The Hangover 3,"$362,000,072 ","$112,200,072 ","$249,800,000 "
367,1999,The World is Not Enough,"$361,730,660 ","$126,930,660 ","$234,800,000 "
368,2018,Zhuo yao ji 2,"$361,683,815 ","$706,153 ","$360,977,662 "
369,2015,Zhuo yao ji,"$359,295,591 ","$32,766 ","$359,262,825 "
370,2005,Batman Begins,"$359,004,502 ","$205,343,774 ","$153,660,728 "
371,1992,Home Alone 2: Lost in New York,"$358,994,850 ","$173,585,516 ","$185,409,334 "
372,2002,Minority Report,"$358,824,714 ","$132,024,714 ","$226,800,000 "
373,1994,The Flintstones,"$358,500,000 ","$130,531,208 ","$227,968,792 "
374,2016,Kimi no na wa,"$358,331,458 ","$5,000,181 ","$353,331,277 "
375,1986,Top Gun,"$356,799,634 ","$179,800,601 ","$176,999,033 "
376,1995,Goldeneye,"$356,429,941 ","$106,429,941 ","$250,000,000 "
377,1999,American Beauty,"$356,258,047 ","$130,058,047 ","$226,200,000 "
378,2000,Dinosaur,"$356,148,063 ","$137,748,063 ","$218,400,000 "
379,2002,Catch Me if You Can,"$355,612,291 ","$164,606,800 ","$191,005,491 "
380,2011,X-Men: First Class,"$355,408,305 ","$146,408,305 ","$209,000,000 "
381,2014,Night at the Museum: Secret of the Tomb,"$353,756,621 ","$113,746,621 ","$240,010,000 "
382,1993,The Fugitive,"$353,715,317 ","$183,875,760 ","$169,839,557 "
383,2013,The Great Gatsby,"$353,640,419 ","$144,840,419 ","$208,800,000 "
384,2019,Dumbo,"$353,166,307 ","$114,766,307 ","$238,400,000 "
385,2014,Noah,"$352,831,065 ","$101,200,044 ","$251,631,021 "
386,1992,Basic Instinct,"$352,700,000 ","$117,727,224 ","$234,972,776 "
387,2016,The Angry Birds Movie,"$352,327,887 ","$107,509,366 ","$244,818,521 "
388,2010,The Karate Kid,"$351,774,938 ","$176,591,618 ","$175,183,320 "
389,2017,Murder on the Orient Express,"$351,767,147 ","$102,826,543 ","$248,940,604 "
390,1994,The Mask,"$351,620,129 ","$119,920,129 ","$231,700,000 "
391,1988,Who Framed Roger Rabbit?,"$351,500,000 ","$154,112,492 ","$197,387,508 "
392,2012,Doctor Seuss' The Lorax,"$350,976,753 ","$214,030,500 ","$136,946,253 "
393,2001,Hannibal,"$350,100,280 ","$165,092,266 ","$185,008,014 "
394,1998,Deep Impact,"$349,464,664 ","$140,464,664 ","$209,000,000 "
395,2018,Mary Poppins Returns,"$349,104,919 ","$171,958,438 ","$177,146,481 "
396,2011,Alvin and the Chipmunks: Chipwrecked,"$349,088,523 ","$133,107,389 ","$215,981,134 "
397,2016,The Legend of Tarzan,"$348,902,025 ","$126,643,061 ","$222,258,964 "
398,2004,"I, Robot","$348,629,585 ","$144,801,023 ","$203,828,562 "
399,2013,The Smurfs 2,"$348,547,523 ","$71,017,784 ","$277,529,739 "
400,2014,The Maze Runner,"$348,319,861 ","$102,427,862 ","$245,891,999 "
401,2001,Rush Hour 2,"$347,425,832 ","$226,164,286 ","$121,261,546 "
402,1995,Pocahontas,"$347,100,000 ","$141,579,773 ","$205,520,227 "
403,2018,Peter Rabbit,"$345,155,440 ","$115,234,093 ","$229,921,347 "
404,2000,How the Grinch Stole Christmas,"$345,141,403 ","$260,044,825 ","$85,096,578 "
405,2017,xXx: Return of Xander Cage,"$345,033,359 ","$44,898,413 ","$300,134,946 "
406,2006,Over the Hedge,"$343,397,247 ","$155,019,340 ","$188,377,907 "
407,2016,Trolls,"$343,242,613 ","$153,707,064 ","$189,535,549 "
408,2013,Now You See Me,"$342,769,200 ","$117,723,989 ","$225,045,211 "
409,2008,Wanted,"$342,416,460 ","$134,508,551 ","$207,907,909 "
410,2020,Tenet,"$341,600,000 ","$52,500,000 ","$289,100,000 "
411,1977,Close Encounters of the Third Kind,"$340,800,479 ","$169,100,479 ","$171,700,000 "
412,2007,Enchanted,"$340,384,141 ","$127,706,877 ","$212,677,264 "
413,1997,Tomorrow Never Dies,"$339,504,276 ","$125,304,276 ","$214,200,000 "
414,1995,Batman Forever,"$336,529,144 ","$184,031,112 ","$152,498,032 "
415,2010,Prince of Persia: Sands of Time,"$336,359,676 ","$90,759,676 ","$245,600,000 "
416,1996,The Rock,"$336,069,511 ","$134,069,511 ","$202,000,000 "
417,1995,Apollo 13,"$335,802,271 ","$173,772,767 ","$162,029,504 "
418,2016,Star Trek Beyond,"$335,802,233 ","$158,848,340 ","$176,953,893 "
419,2018,A Quiet Place,"$335,205,231 ","$188,024,361 ","$147,180,870 "
420,2017,Never Say Die,"$334,536,622 ",,"$334,536,622 "
421,2016,The Great Wall,"$334,486,852 ","$45,157,105 ","$289,329,747 "
422,2015,The Good Dinosaur,"$333,771,037 ","$123,087,120 ","$210,683,917 "
423,2005,Fantastic Four,"$333,132,750 ","$154,696,080 ","$178,436,670 "
424,1984,Indiana Jones and the Temple of Doom,"$333,080,271 ","$179,880,271 ","$153,200,000 "
425,1989,Back to the Future Part II,"$331,971,881 ","$118,450,002 ","$213,521,879 "
426,2014,22 Jump Street,"$331,333,876 ","$191,719,337 ","$139,614,539 "
427,2004,National Treasure,"$331,323,410 ","$173,005,002 ","$158,318,408 "
428,2010,Black Swan,"$331,266,710 ","$106,954,678 ","$224,312,032 "
429,2014,300: Rise of an Empire,"$330,780,051 ","$106,580,051 ","$224,200,000 "
430,2000,Meet the Parents,"$330,425,040 ","$166,225,040 ","$164,200,000 "
431,2008,The Curious Case of Benjamin Button,"$329,631,958 ","$127,509,326 ","$202,122,632 "
432,2000,The Perfect Storm,"$328,711,434 ","$182,618,434 ","$146,093,000 "
433,2016,Now You See Me 2,"$328,325,007 ","$65,075,540 ","$263,249,467 "
434,1986,Crocodile Dundee,"$328,203,506 ","$174,803,506 ","$153,400,000 "
435,1995,Se7en,"$328,125,643 ","$100,125,643 ","$228,000,000 "
436,2008,Bolt,"$328,015,029 ","$114,053,579 ","$213,961,450 "
437,2015,Taken 3,"$327,656,424 ","$89,256,424 ","$238,400,000 "
438,2019,Feng Kuang De Wai Xing Ren,"$326,150,303 ",,"$326,150,303 "
439,2006,The Devil Wears Prada,"$326,073,155 ","$124,740,460 ","$201,332,695 "
440,2019,John Wick: Chapter 3 — Parabellum,"$325,786,822 ","$171,016,727 ","$154,770,095 "
441,1996,The Hunchback of Notre Dame,"$325,500,000 ","$100,138,851 ","$225,361,149 "
442,2010,Robin Hood,"$322,459,006 ","$105,487,148 ","$216,971,858 "
443,1993,Schindler’s List,"$322,197,132 ","$96,898,818 ","$225,298,314 "
444,2010,Megamind,"$321,887,208 ","$148,415,853 ","$173,471,355 "
445,1987,Fatal Attraction,"$320,100,000 ","$156,645,693 ","$163,454,307 "
446,2018,Green Book,"$320,029,388 ","$85,080,171 ","$234,949,217 "
447,2010,The Last Airbender,"$319,713,881 ","$131,772,187 ","$187,941,694 "
448,1992,Lethal Weapon 3,"$319,700,000 ","$144,731,527 ","$174,968,473 "
449,2012,Journey 2: The Mysterious Island,"$318,146,162 ","$103,860,290 ","$214,285,872 "
450,2013,The Conjuring,"$317,872,975 ","$137,400,141 ","$180,472,834 "
451,2001,A Beautiful Mind,"$317,668,058 ","$170,708,996 ","$146,959,062 "
452,2009,Inglourious Basterds,"$316,915,264 ","$120,774,594 ","$196,140,670 "
453,1984,Beverly Hills Cop,"$316,300,000 ","$234,760,478 ","$81,539,522 "
454,2009,Disney’s A Christmas Carol,"$315,709,697 ","$137,855,863 ","$177,853,834 "
455,1997,Air Force One,"$315,268,353 ","$172,956,409 ","$142,311,944 "
456,2009,The Proposal,"$314,709,717 ","$163,958,031 ","$150,751,686 "
457,1997,As Good as it Gets,"$314,111,923 ","$148,478,011 ","$165,633,912 "
458,2016,Resident Evil: The Final Chapter,"$314,101,190 ","$26,844,692 ","$287,256,498 "
459,2012,Battleship,"$313,477,717 ","$65,233,400 ","$248,244,317 "
460,2017,Wonder,"$312,755,215 ","$132,422,809 ","$180,332,406 "
461,1999,Austin Powers: The Spy Who Shagged Me,"$312,383,487 ","$206,040,085 ","$106,343,402 "
462,2004,The Polar Express,"$312,183,437 ","$188,042,855 ","$124,140,582 "
463,2012,The Expendables 2,"$311,979,256 ","$85,028,192 ","$226,951,064 "
464,2007,Ocean's Thirteen,"$311,744,465 ","$117,144,465 ","$194,600,000 "
465,2015,The SpongeBob Movie: Sponge Out of Water,"$311,013,181 ","$162,994,032 ","$148,019,149 "
466,2004,The Bourne Supremacy,"$311,001,124 ","$176,087,450 ","$134,913,674 "
467,2019,Knives Out,"$310,712,638 ","$165,364,060 ","$145,348,578 "
468,2010,Little Fockers,"$310,650,574 ","$148,438,600 ","$162,211,974 "
469,2017,The Lego Batman Movie,"$310,570,560 ","$175,750,384 ","$134,820,176 "
470,2015,Maze Runner: The Scorch Trials,"$310,566,162 ","$81,697,192 ","$228,868,970 "
471,2016,The Conjuring 2: The Enfield Poltergeist,"$310,463,271 ","$102,470,008 ","$207,993,263 "
472,1999,Runaway Bride,"$310,138,178 ","$152,257,509 ","$157,880,669 "
473,2005,Chicken Little,"$310,043,823 ","$135,386,665 ","$174,657,158 "
474,1996,Ransom,"$308,700,000 ","$136,492,681 ","$172,207,319 "
475,2017,Qian Ren 3: Yan Zhi Da Zuo Zhan,"$307,547,824 ","$837,791 ","$306,710,033 "
476,2006,The Pursuit of Happyness,"$307,311,093 ","$162,586,036 ","$144,725,057 "
477,2014,The Fault in Our Stars,"$307,166,834 ","$124,872,350 ","$182,294,484 "
478,2012,Rise of the Guardians,"$306,900,902 ","$103,412,758 ","$203,488,144 "
479,2002,Chicago,"$306,770,545 ","$170,687,518 ","$136,083,027 "
480,2009,The Blind Side,"$305,705,794 ","$255,959,475 ","$49,746,319 "
481,2017,Annabelle: Creation,"$305,384,865 ","$102,092,201 ","$203,292,664 "
482,2012,Wrath of the Titans,"$305,270,083 ","$83,670,083 ","$221,600,000 "
483,2016,Dangal,"$305,149,461 ","$12,391,761 ","$292,757,700 "
484,2020,Sonic The Hedgehog,"$305,039,443 ","$146,066,470 ","$158,972,973 "
485,2018,Skyscraper,"$304,868,961 ","$68,420,120 ","$236,448,841 "
486,2013,A Good Day to Die Hard,"$304,249,198 ","$67,349,198 ","$236,900,000 "
487,1996,101 Dalmatians,"$304,200,000 ","$136,189,294 ","$168,010,706 "
488,1998,Mulan,"$303,500,000 ","$120,620,254 ","$182,879,746 "
489,1997,Liar Liar,"$302,710,615 ","$181,410,615 ","$121,300,000 "
490,2009,G.I. Joe: The Rise of Cobra,"$302,469,017 ","$150,201,498 ","$152,267,519 "
491,2016,Passengers,"$302,239,672 ","$100,014,699 ","$202,224,973 "
492,1991,Hook,"$300,854,823 ","$119,654,823 ","$181,200,000 "
493,1985,Rambo: First Blood Part II,"$300,400,000 ","$150,415,432 ","$149,984,568 "
494,1985,Rocky IV,"$300,373,716 ","$127,873,716 ","$172,500,000 "
495,1978,Superman,"$300,200,000 ","$134,218,018 ","$165,981,982 "
496,2004,Van Helsing,"$300,150,546 ","$120,150,546 ","$180,000,000 "
497,2008,Horton Hears a Who,"$299,477,886 ","$154,529,439 ","$144,948,447 "
498,2010,Shutter Island,"$299,461,782 ","$128,012,934 ","$171,448,848 "
499,1997,My Best Friend's Wedding,"$298,923,419 ","$126,813,153 ","$172,110,266 "
500,1999,Stuart Little,"$298,815,224 ","$140,015,224 ","$158,800,000 "
501,2018,Ocean’s 8,"$297,718,711 ","$140,218,711 ","$157,500,000 "
502,1989,Look Who's Talking,"$297,100,000 ","$140,088,813 ","$157,011,187 "
503,2000,X-Men,"$296,872,367 ","$157,299,717 ","$139,572,650 "
504,2002,Austin Powers in Goldmember,"$296,338,663 ","$213,117,789 ","$83,220,874 "
505,2016,Miss Peregrine’s Home for Peculiar Ch…,"$295,986,876 ","$87,242,834 ","$208,744,042 "
506,2010,Resident Evil: Afterlife,"$295,874,190 ","$60,128,566 ","$235,745,624 "
507,1984,Ghostbusters,"$295,212,467 ","$242,212,467 ","$53,000,000 "
508,2015,The Divergent Series: Insurgent,"$295,075,882 ","$130,179,072 ","$164,896,810 "
509,2010,Sex and the City 2,"$294,680,778 ","$95,347,692 ","$199,333,086 "
510,1998,Doctor Dolittle,"$294,156,605 ","$144,156,605 ","$150,000,000 "
511,2009,G-Force,"$292,817,841 ","$119,436,770 ","$173,381,071 "
512,2018,Pacific Rim: Uprising,"$290,930,148 ","$59,874,525 ","$231,055,623 "
513,1999,The Green Mile,"$290,701,374 ","$136,801,374 ","$153,900,000 "
514,2010,Salt,"$290,650,494 ","$118,311,368 ","$172,339,126 "
515,2017,Ferdinand,"$289,838,913 ","$84,410,380 ","$205,428,533 "
516,2006,The Departed,"$289,660,619 ","$132,384,315 ","$157,276,304 "
517,2011,Bridesmaids,"$289,632,023 ","$169,211,718 ","$120,420,305 "
518,2007,Fantastic Four: Rise of the Silver Su…,"$289,480,691 ","$131,921,738 ","$157,558,953 "
519,1988,Coming to America,"$288,800,000 ","$128,152,301 ","$160,647,699 "
520,2000,What Lies Beneath,"$288,693,989 ","$155,464,351 ","$133,229,638 "
521,2013,Oblivion,"$287,916,633 ","$89,107,235 ","$198,809,398 "
522,2015,Pitch Perfect 2,"$287,625,468 ","$184,296,230 ","$103,329,238 "
523,2007,Bee Movie,"$287,594,577 ","$126,631,277 ","$160,963,300 "
524,2013,Turbo,"$286,896,578 ","$83,028,130 ","$203,868,448 "
525,2001,American Pie 2,"$286,500,000 ","$145,096,820 ","$141,403,180 "
526,1965,The Sound of Music,"$286,214,195 ","$163,214,286 ","$122,999,909 "
527,2013,Elysium,"$286,192,091 ","$93,050,117 ","$193,141,974 "
528,1998,Lethal Weapon 4,"$285,400,000 ","$130,444,603 ","$154,955,397 "
529,2005,Wedding Crashers,"$283,218,368 ","$209,218,368 ","$74,000,000 "
530,1994,Speed,"$283,200,000 ","$121,248,145 ","$161,951,855 "
531,2012,John Carter,"$282,778,100 ","$73,058,679 ","$209,719,421 "
532,1977,Saturday Night Fever,"$282,400,000 ","$139,486,124 ","$142,913,876 "
533,1995,Casper,"$282,300,000 ","$100,328,194 ","$181,971,806 "
534,2001,Bridget Jones's Diary,"$281,527,158 ","$71,500,556 ","$210,026,602 "
535,2012,The Bourne Legacy,"$280,355,920 ","$113,203,870 ","$167,152,050 "
536,1998,Shakespeare in Love,"$279,500,000 ","$100,317,794 ","$179,182,206 "
537,2017,Split,"$278,964,806 ","$138,141,585 ","$140,823,221 "
538,2010,The Tourist,"$278,731,369 ","$67,631,157 ","$211,100,212 "
539,2000,Scary Movie,"$277,200,000 ","$157,019,771 ","$120,180,229 "
540,2016,Alice Through the Looking Glass,"$276,928,112 ","$77,042,381 ","$199,885,731 "
541,1987,Beverly Hills Cop II,"$276,665,036 ","$153,665,036 ","$123,000,000 "
542,2002,Scooby-Doo,"$276,294,164 ","$153,294,164 ","$123,000,000 "
543,2014,Divergent,"$276,014,965 ","$150,947,895 ","$125,067,070 "
544,1991,The Silence of the Lambs,"$275,726,716 ","$130,726,716 ","$145,000,000 "
545,2008,Gran Torino,"$274,543,085 ","$148,095,302 ","$126,447,783 "
546,2008,High School Musical 3: Senior Year,"$274,392,880 ","$90,559,416 ","$183,833,464 "
547,2013,Cloudy with a Chance of Meatballs 2,"$274,392,649 ","$119,793,567 ","$154,599,082 "
548,1996,The Nutty Professor,"$273,814,019 ","$128,814,019 ","$145,000,000 "
549,1996,Jerry Maguire,"$273,552,592 ","$153,952,592 ","$119,600,000 "
550,2018,Tomb Raider,"$273,477,501 ","$58,250,803 ","$215,226,698 "
551,2012,Lincoln,"$273,346,281 ","$182,207,973 ","$91,138,308 "
552,2001,Lara Croft: Tomb Raider,"$273,330,185 ","$131,144,183 ","$142,186,002 "
553,2003,Bad Boys II,"$273,271,982 ","$138,540,870 ","$134,731,112 "
554,2002,Sen to Chihiro no Kamikakushi,"$273,079,182 ","$10,049,886 ","$263,029,296 "
555,2010,Grown Ups,"$272,223,000 ","$162,001,186 ","$110,221,814 "
556,2009,The Princess and the Frog,"$270,997,378 ","$104,400,899 ","$166,596,479 "
557,2014,Neighbors,"$270,944,428 ","$150,086,800 ","$120,857,628 "
558,1993,The Firm,"$270,340,892 ","$158,340,892 ","$112,000,000 "
559,2014,Mr. Peabody & Sherman,"$269,806,430 ","$111,506,430 ","$158,300,000 "
560,2008,"10,000 B.C.","$269,065,678 ","$94,784,201 ","$174,281,477 "
561,1972,The Godfather,"$268,500,000 ","$134,966,411 ","$133,533,589 "
562,2014,Exodus: Gods and Kings,"$268,314,513 ","$65,014,513 ","$203,300,000 "
563,2010,The Expendables,"$268,268,174 ","$103,068,524 ","$165,199,650 "
564,1942,Bambi,"$268,000,000 ","$102,797,000 ","$165,203,000 "
565,2007,American Gangster,"$267,985,456 ","$130,164,645 ","$137,820,811 "
566,2013,We're the Millers,"$267,816,276 ","$150,394,119 ","$117,422,157 "
567,2002,xXx,"$267,200,000 ","$141,930,000 ","$125,270,000 "
568,1992,Batman Returns,"$266,824,291 ","$162,833,635 ","$103,990,656 "
569,2003,Something's Gotta Give,"$266,685,242 ","$124,685,242 ","$142,000,000 "
570,1993,Indecent Proposal,"$266,600,000 ","$106,614,059 ","$159,985,941 "
571,2018,Maze Runner: The Death Cure,"$265,878,536 ","$58,032,443 ","$207,846,093 "
572,2008,The Incredible Hulk,"$265,573,859 ","$134,806,913 ","$130,766,946 "
573,1995,Waterworld,"$264,246,220 ","$88,246,220 ","$176,000,000 "
574,1998,The Truman Show,"$264,118,201 ","$125,618,201 ","$138,500,000 "
575,1997,The Fifth Element,"$263,898,761 ","$63,570,862 ","$200,327,899 "
576,2004,Bridget Jones: The Edge Of Reason,"$263,894,551 ","$40,203,020 ","$223,691,531 "
577,2011,Real Steel,"$263,880,341 ","$85,463,309 ","$178,417,032 "
578,1950,Cinderella,"$263,591,415 ","$85,000,000 ","$178,591,415 "
579,2017,Baahubali 2: The Conclusion,"$263,502,914 ","$18,985,794 ","$244,517,120 "
580,2013,Epic,"$262,794,441 ","$107,518,682 ","$155,275,759 "
581,1995,Jumanji,"$262,758,310 ","$100,458,310 ","$162,300,000 "
582,2006,Borat,"$261,443,242 ","$128,505,958 ","$132,937,284 "
583,1990,Total Recall,"$261,400,000 ","$119,394,839 ","$142,005,161 "
584,1997,The Full Monty,"$261,249,383 ","$45,950,122 ","$215,299,261 "
585,2005,Robots,"$260,636,271 ","$128,200,012 ","$132,436,259 "
586,2013,The Lone Ranger,"$260,002,115 ","$89,302,115 ","$170,700,000 "
587,2000,Charlie's Angels,"$259,736,090 ","$125,305,545 ","$134,430,545 "
588,2010,Knight and Day,"$258,751,370 ","$76,423,035 ","$182,328,335 "
589,2017,Blade Runner 2049,"$258,426,830 ","$92,054,159 ","$166,372,671 "
590,1985,Out of Africa,"$258,210,860 ","$79,096,868 ","$179,113,992 "
591,2011,Super 8,"$257,972,745 ","$127,004,179 ","$130,968,566 "
592,2014,Paddington,"$257,930,343 ","$76,223,578 ","$181,706,765 "
593,2013,American Hustle,"$257,858,943 ","$150,098,456 ","$107,760,487 "
594,2000,Erin Brockovich,"$257,805,243 ","$125,548,685 ","$132,256,558 "
595,2004,The Village,"$257,641,634 ","$114,197,520 ","$143,444,114 "
596,2014,Annabelle,"$256,862,920 ","$84,273,813 ","$172,589,107 "
597,2007,Rush Hour 3,"$256,585,882 ","$140,125,968 ","$116,459,914 "
598,1997,Bean,"$256,574,128 ","$45,334,169 ","$211,239,959 "
599,2019,Us,"$256,169,079 ","$175,084,580 ","$81,084,499 "
600,2017,Gong fu yu jia,"$256,004,127 ","$362,657 ","$255,641,470 "
601,2019,Fei Chi Ren Sheng,"$255,832,826 ",,"$255,832,826 "
602,2014,The Taking of Tiger Mountain,"$255,742,933 ","$222,964 ","$255,519,969 "
603,2018,Halloween,"$255,490,178 ","$159,347,015 ","$96,143,163 "
604,1993,Cliffhanger,"$255,000,000 ","$84,049,211 ","$170,950,789 "
605,2019,Gisaengchung,"$254,702,675 ","$53,369,745 ","$201,332,930 "
606,2007,Wild Hogs,"$253,555,383 ","$168,213,584 ","$85,341,799 "
607,2019,Men in Black: International,"$253,020,464 ","$80,001,807 ","$173,018,657 "
608,2017,Get Out,"$252,575,499 ","$176,040,665 ","$76,534,834 "
609,2010,True Grit,"$252,276,928 ","$171,243,005 ","$81,033,923 "
610,2009,Michael Jackson's This Is It,"$252,091,016 ","$72,091,016 ","$180,000,000 "
611,2013,After Earth,"$251,499,665 ","$60,522,097 ","$190,977,568 "
612,1998,You’ve Got Mail,"$250,800,000 ","$115,821,495 ","$134,978,505 "
613,1997,Hercules,"$250,700,000 ","$99,112,101 ","$151,587,899 "
614,1998,Enemy of the State,"$250,649,836 ","$111,549,836 ","$139,100,000 "
615,2020,Dolittle,"$250,482,863 ","$77,047,065 ","$173,435,798 "
616,2003,Brother Bear,"$250,397,798 ","$85,336,277 ","$165,061,521 "
617,2019,Terminator: Dark Fate,"$250,372,367 ","$62,253,077 ","$188,119,290 "
618,1996,Space Jam,"$250,180,384 ","$90,463,534 ","$159,716,850 "
619,2015,The Peanuts Movie,"$250,091,610 ","$130,178,411 ","$119,913,199 "
620,2015,Alvin and the Chipmunks: The Road Chip,"$249,517,956 ","$85,886,987 ","$163,630,969 "
621,2006,Eragon,"$249,488,115 ","$75,030,163 ","$174,457,952 "
622,2017,Xi You Fu Yao Pian,"$248,805,149 ","$880,346 ","$247,924,803 "
623,2015,The Ghouls,"$248,692,722 ","$1,243,810 ","$247,448,912 "
624,1999,The Blair Witch Project,"$248,300,000 ","$140,539,099 ","$107,760,901 "
625,2003,Love Actually,"$248,282,570 ","$59,472,278 ","$188,810,292 "
626,2002,The Ring,"$248,218,486 ","$129,094,024 ","$119,124,462 "
627,2000,Unbreakable,"$248,099,143 ","$94,999,143 ","$153,100,000 "
628,2008,Marley & Me,"$247,812,011 ","$143,153,751 ","$104,658,260 "
629,2008,Bienvenue chez les Ch'tis,"$247,474,497 ","$1,477,650 ","$245,996,847 "
630,2013,Grown Ups 2,"$247,023,808 ","$133,668,525 ","$113,355,283 "
631,2019,Glass,"$246,999,039 ","$111,048,468 ","$135,950,571 "
632,1994,Dumb & Dumber,"$246,400,000 ","$127,175,374 ","$119,224,626 "
633,2019,Dark Phoenix,"$246,356,895 ","$65,845,974 ","$180,510,921 "
634,1995,Babe,"$246,100,000 ","$63,658,910 ","$182,441,090 "
635,2002,Lilo & Stitch,"$245,800,000 ","$145,771,527 ","$100,028,473 "
636,2002,8 Mile,"$245,768,384 ","$116,724,075 ","$129,044,309 "
637,2011,Rango,"$245,724,600 ","$123,477,607 ","$122,246,993 "
638,2016,Teenage Mutant Ninja Turtles: Out of …,"$245,328,374 ","$82,051,601 ","$163,276,773 "
639,1998,Rush Hour,"$245,300,000 ","$141,186,864 ","$104,113,136 "
640,2019,Lie huo ying xiong,"$245,179,530 ","$290,217 ","$244,889,313 "
641,2003,Hulk,"$245,031,679 ","$132,177,234 ","$112,854,445 "
642,1990,Back to the Future Part III,"$244,087,268 ","$88,055,283 ","$156,031,985 "
643,2015,Pixels,"$244,041,804 ","$78,765,986 ","$165,275,818 "
644,2014,Hercules,"$243,388,614 ","$72,688,614 ","$170,700,000 "
645,2008,Journey to the Center of the Earth,"$243,180,937 ","$101,704,370 ","$141,476,567 "
646,2014,RoboCop,"$242,981,799 ","$58,607,007 ","$184,374,792 "
647,1994,Four Weddings and a Funeral,"$242,895,809 ","$52,700,832 ","$190,194,977 "
648,2015,Daddy’s Home,"$241,504,989 ","$150,357,137 ","$91,147,852 "
649,1997,Face/Off,"$241,200,000 ","$112,276,146 ","$128,923,854 "
650,2016,Assassin’s Creed,"$240,759,682 ","$54,647,948 ","$186,111,734 "
651,2012,Resident Evil: Retribution,"$240,647,629 ","$42,345,531 ","$198,302,098 "
652,1990,Die Hard 2,"$239,814,025 ","$117,323,878 ","$122,490,147 "
653,1988,Crocodile Dundee 2,"$239,606,210 ","$109,306,210 ","$130,300,000 "
654,1989,Dead Poets Society,"$239,500,000 ","$95,860,116 ","$143,639,884 "
655,2011,The Girl with the Dragon Tattoo,"$239,373,970 ","$102,515,793 ","$136,858,177 "
656,1984,Grand Canyon: The Hidden Secrets,"$239,000,000 ","$52,800,000 ","$186,200,000 "
657,2016,Sully,"$238,524,556 ","$125,070,033 ","$113,454,523 "
658,2017,Alien: Covenant,"$238,521,247 ","$74,262,031 ","$164,259,216 "
659,1997,Batman & Robin,"$238,317,814 ","$107,325,195 ","$130,992,619 "
660,2012,Dark Shadows,"$238,202,668 ","$79,727,149 ","$158,475,519 "
661,2018,Crazy Rich Asians,"$238,099,711 ","$174,532,921 ","$63,566,790 "
662,2013,Disney Planes,"$238,059,569 ","$90,282,580 ","$147,776,989 "
663,2005,Hauru no ugoku shiro,"$237,814,327 ","$4,710,455 ","$233,103,872 "
664,2006,Click,"$237,685,089 ","$137,355,633 ","$100,329,456 "
665,2008,The Day the Earth Stood Still,"$237,370,350 ","$79,366,978 ","$158,003,372 "
666,2015,Gang jiong,"$237,273,381 ","$1,302,281 ","$235,971,100 "
667,2009,Cloudy with a Chance of Meatballs,"$236,827,677 ","$124,870,275 ","$111,957,402 "
668,2012,American Reunion,"$236,799,211 ","$56,758,835 ","$180,040,376 "
669,1992,A Few Good Men,"$236,500,000 ","$141,340,178 ","$95,159,822 "
670,2012,Silver Linings Playbook,"$236,412,453 ","$132,092,958 ","$104,319,495 "
671,2003,2 Fast 2 Furious,"$236,410,607 ","$127,120,058 ","$109,290,549 "
672,2001,Artificial Intelligence: AI,"$235,900,000 ","$78,616,689 ","$157,283,311 "
673,2007,Mr. Bean’s Holiday,"$234,981,342 ","$33,302,167 ","$201,679,175 "
674,1999,American Pie,"$234,723,148 ","$101,800,948 ","$132,922,200 "
675,1996,Eraser,"$234,400,000 ","$101,295,562 ","$133,104,438 "
676,1998,The Mask of Zorro,"$233,700,000 ","$93,828,745 ","$139,871,255 "
677,2020,Jiang Ziya,"$233,289,857 ","$211,043 ","$233,078,814 "
678,2000,Gone in 60 Seconds,"$232,643,008 ","$101,643,008 ","$131,000,000 "
679,2015,Spy!,"$232,585,748 ","$110,825,712 ","$121,760,036 "
680,2003,American Wedding,"$232,354,205 ","$104,354,205 ","$128,000,000 "
681,2010,Gulliver's Travels,"$232,017,848 ","$42,779,261 ","$189,238,587 "
682,2004,Million Dollar Baby,"$231,928,227 ","$100,492,203 ","$131,436,024 "
683,2016,Hidden Figures,"$231,771,716 ","$169,607,287 ","$62,164,429 "
684,1996,The English Patient,"$231,710,008 ","$78,716,374 ","$152,993,634 "
685,1992,Sister Act,"$231,600,000 ","$139,605,150 ","$91,994,850 "
686,2007,Juno,"$231,450,102 ","$143,495,265 ","$87,954,837 "
687,2019,Shao Nian De Ni,"$230,001,031 ","$1,921,657 ","$228,079,374 "
688,2013,The Heat,"$229,727,774 ","$159,581,587 ","$70,146,187 "
689,2007,Ghost Rider,"$229,545,589 ","$115,802,596 ","$113,742,993 "
690,1998,La vita è bella,"$229,375,361 ","$57,598,247 ","$171,777,114 "
691,2011,The Green Hornet,"$229,155,503 ","$98,780,042 ","$130,375,461 "
692,2016,Ghostbusters,"$229,008,658 ","$128,350,574 ","$100,658,084 "
693,1999,Big Daddy,"$228,641,283 ","$163,479,795 ","$65,161,488 "
694,2019,Annabelle Comes Home,"$228,517,113 ","$74,152,591 ","$154,364,522 "
695,2017,Baby Driver,"$228,104,185 ","$107,825,862 ","$120,278,323 "
696,1993,Sleepless in Seattle,"$227,899,326 ","$126,680,884 ","$101,218,442 "
697,2000,Chicken Run,"$227,793,915 ","$106,793,915 ","$121,000,000 "
698,2014,The Imitation Game,"$227,740,463 ","$91,125,143 ","$136,615,320 "
699,1989,Lethal Weapon 2,"$227,300,000 ","$147,253,986 ","$80,046,014 "
700,2003,Charlie's Angels: Full Throttle,"$227,163,273 ","$100,814,328 ","$126,348,945 "
701,2012,Argo,"$227,140,757 ","$136,025,503 ","$91,115,254 "
702,2017,Fang Hua,"$227,089,269 ","$1,891,956 ","$225,197,313 "
703,2008,Taken,"$226,941,585 ","$145,000,989 ","$81,940,596 "
704,2008,Get Smart,"$226,739,416 ","$130,319,208 ","$96,420,208 "
705,2008,Yes Man,"$225,990,976 ","$97,690,976 ","$128,300,000 "
706,1997,Good Will Hunting,"$225,925,989 ","$138,433,435 ","$87,492,554 "
707,1976,Rocky,"$225,000,000 ","$117,235,147 ","$107,764,853 "
708,2010,The Social Network,"$224,922,135 ","$96,962,694 ","$127,959,441 "
709,2009,It’s Complicated,"$224,614,744 ","$112,735,375 ","$111,879,369 "
710,2019,Ford v. Ferrari,"$224,449,896 ","$117,624,357 ","$106,825,539 "
711,1997,Con Air,"$224,117,573 ","$101,117,573 ","$123,000,000 "
712,1994,Interview with the Vampire,"$223,564,608 ","$105,264,608 ","$118,300,000 "
713,2010,Percy Jackson & the Olympians: The Li…,"$223,050,874 ","$88,768,303 ","$134,282,571 "
714,1989,"Honey, I Shrunk the Kids","$222,700,000 ","$130,724,172 ","$91,975,828 "
715,2008,Jumper,"$222,640,812 ","$80,172,128 ","$142,468,684 "
716,2014,Non-Stop,"$222,383,055 ","$91,742,160 ","$130,640,895 "
717,1989,The Little Mermaid,"$222,299,758 ","$111,543,479 ","$110,756,279 "
718,2005,Constantine,"$221,593,554 ","$75,976,178 ","$145,617,376 "
719,2008,Bedtime Stories,"$221,468,935 ","$110,101,975 ","$111,366,960 "
720,2003,Elf,"$221,464,732 ","$174,626,840 ","$46,837,892 "
721,1990,Presumed Innocent,"$221,300,000 ","$86,303,188 ","$134,996,812 "
722,2015,Everest,"$221,297,061 ","$43,482,270 ","$177,814,791 "
723,1999,Wild Wild West,"$221,229,335 ","$113,805,681 ","$107,423,654 "
724,2004,Fahrenheit 9/11,"$221,148,959 ","$119,114,517 ","$102,034,442 "
725,2017,Geostorm,"$220,796,009 ","$33,700,160 ","$187,095,849 "
726,2013,Captain Phillips,"$220,648,184 ","$107,136,417 ","$113,511,767 "
727,2014,Dracula Untold,"$220,241,723 ","$55,991,880 ","$164,249,843 "
728,2011,Green Lantern,"$219,535,492 ","$116,601,172 ","$102,934,320 "
729,2016,Inferno,"$219,519,367 ","$34,343,574 ","$185,175,793 "
730,2007,Knocked Up,"$219,265,952 ","$148,761,765 ","$70,504,187 "
731,2005,Kingdom of Heaven,"$218,675,751 ","$47,398,413 ","$171,277,338 "
732,2004,The Terminal,"$218,673,959 ","$77,073,959 ","$141,600,000 "
733,1998,The Prince of Egypt,"$218,613,188 ","$101,413,188 ","$117,200,000 "
734,2008,What Happens in Vegas...,"$218,535,708 ","$80,277,646 ","$138,258,062 "
735,2010,The Sorcerer's Apprentice,"$217,986,320 ","$63,150,991 ","$154,835,329 "
736,2004,Collateral,"$217,602,967 ","$100,170,152 ","$117,432,815 "
737,2010,Valentine's Day,"$217,569,328 ","$110,485,654 ","$107,083,674 "
738,2012,Jack Reacher,"$217,370,736 ","$80,070,736 ","$137,300,000 "
739,2015,Ted 2,"$217,214,143 ","$81,476,385 ","$135,737,758 "
740,2016,Central Intelligence,"$217,194,805 ","$127,440,871 ","$89,753,934 "
741,2019,Little Women,"$216,889,757 ","$108,095,955 ","$108,793,802 "
742,1988,Twins,"$216,600,000 ","$111,936,388 ","$104,663,612 "
743,2017,The Emoji Movie,"$216,564,840 ","$86,089,513 ","$130,475,327 "
744,1992,Bram Stoker's Dracula,"$215,862,692 ","$82,522,790 ","$133,339,902 "
745,1989,Ghostbusters II,"$215,500,000 ","$112,494,738 ","$103,005,262 "
746,2011,Bad Teacher,"$215,448,997 ","$100,292,856 ","$115,156,141 "
747,2000,The Patriot,"$215,300,000 ","$113,330,342 ","$101,969,658 "
748,2017,Valerian and the City of a Thousand P…,"$215,098,356 ","$40,479,370 ","$174,618,986 "
749,2008,Australia,"$215,080,810 ","$49,554,002 ","$165,526,808 "
750,2011,Just Go With It,"$214,974,953 ","$103,028,109 ","$111,946,844 "
751,2013,Hansel & Gretel: Witch Hunters,"$214,949,716 ","$55,703,475 ","$159,246,241 "
752,2005,Flightplan,"$214,392,904 ","$89,706,988 ","$124,685,916 "
753,2002,The Bourne Identity,"$214,357,371 ","$121,468,960 ","$92,888,411 "
754,2015,Xia Luo Te Fan Nao,"$213,949,747 ","$1,289,195 ","$212,660,552 "
755,1987,Dirty Dancing,"$213,893,795 ","$63,892,689 ","$150,001,106 "
756,2018,Smallfoot,"$213,682,073 ","$83,240,103 ","$130,441,970 "
757,2018,Creed II,"$213,591,522 ","$115,715,889 ","$97,875,633 "
758,2000,"Crouching Tiger, Hidden Dragon","$213,514,672 ","$128,067,808 ","$85,446,864 "
759,2000,Vertical Limit,"$213,500,000 ","$68,473,360 ","$145,026,640 "
760,2011,Battle: Los Angeles,"$213,463,976 ","$83,552,429 ","$129,911,547 "
761,2000,Miss Congeniality,"$213,420,951 ","$106,807,667 ","$106,613,284 "
762,2011,The Help,"$213,120,004 ","$169,705,587 ","$43,414,417 "
763,2014,Into the Woods,"$213,116,401 ","$128,002,372 ","$85,114,029 "
764,2004,Lemony Snicket's A Series of Unfortun…,"$212,956,024 ","$118,627,117 ","$94,328,907 "
765,2003,Master and Commander: The Far Side of…,"$212,912,137 ","$93,926,386 ","$118,985,751 "
766,1994,Pulp Fiction,"$212,894,846 ","$107,928,762 ","$104,966,084 "
767,2009,District 9,"$212,453,431 ","$115,646,235 ","$96,807,196 "
768,2011,Horrible Bosses,"$212,417,601 ","$117,538,559 ","$94,879,042 "
769,1995,Ace Ventura: When Nature Calls,"$212,400,000 ","$108,360,063 ","$104,039,937 "
770,2009,Public Enemies,"$212,282,709 ","$97,104,620 ","$115,178,089 "
771,1994,Disclosure,"$212,200,000 ","$83,015,089 ","$129,184,911 "
772,1999,End of Days,"$212,026,975 ","$66,889,043 ","$145,137,932 "
773,2012,Total Recall,"$211,856,088 ","$58,877,969 ","$152,978,119 "
774,2010,Due Date,"$211,739,043 ","$100,539,043 ","$111,200,000 "
775,1999,Entrapment,"$211,700,000 ","$87,707,396 ","$123,992,604 "
776,2011,Immortals,"$211,562,435 ","$83,504,017 ","$128,058,418 "
777,2014,Fury,"$210,315,681 ","$85,817,906 ","$124,497,775 "
778,1979,Moonraker,"$210,300,000 ","$70,300,000 ","$140,000,000 "
779,2014,The Expendables 3,"$209,461,378 ","$39,322,544 ","$170,138,834 "
780,2018,Hou Lai De Wo Men,"$209,221,328 ",,"$209,221,328 "
781,1995,Braveheart,"$209,045,244 ","$75,545,647 ","$133,499,597 "
782,1978,Jaws 2,"$208,900,376 ","$102,922,376 ","$105,978,000 "
783,2012,Safe House,"$208,542,162 ","$126,181,630 ","$82,360,532 "
784,2004,The Aviator,"$208,370,892 ","$102,608,827 ","$105,762,065 "
785,2000,Traffic,"$208,300,000 ","$124,107,476 ","$84,192,524 "
786,2016,Me Before You,"$208,265,198 ","$56,245,075 ","$152,020,123 "
787,2004,Garfield: The Movie,"$208,094,550 ","$75,367,693 ","$132,726,857 "
788,2013,Xi you xiang mo pian,"$207,927,982 ","$18,058 ","$207,909,924 "
789,2001,The Others,"$207,765,056 ","$96,522,687 ","$111,242,369 "
790,1994,Clear and Present Danger,"$207,500,000 ","$122,012,656 ","$85,487,344 "
791,2003,S.W.A.T.,"$207,154,748 ","$116,877,597 ","$90,277,151 "
792,1999,Sleepy Hollow,"$207,068,340 ","$101,068,340 ","$106,000,000 "
793,2011,Paranormal Activity 3,"$207,039,844 ","$104,028,807 ","$103,011,037 "
794,2015,Tomorrowland,"$206,627,518 ","$93,436,322 ","$113,191,196 "
795,2010,Eat Pray Love,"$206,598,789 ","$80,574,010 ","$126,024,779 "
796,2001,The Fast and the Furious,"$206,458,372 ","$144,512,310 ","$61,946,062 "
797,2002,Red Dragon,"$206,455,420 ","$92,955,420 ","$113,500,000 "
798,2016,Bridget Jones’s Baby,"$205,822,688 ","$24,139,805 ","$181,682,883 "
799,2006,The Break-Up,"$205,727,307 ","$118,703,275 ","$87,024,032 "
800,2013,White House Down,"$205,440,387 ","$73,103,784 ","$132,336,603 "
801,1991,JFK,"$205,400,000 ","$70,405,498 ","$134,994,502 "
802,2012,Ren zai jiong tu zhi tai jiong,"$205,400,000 ",,"$205,400,000 "
803,2009,Gake no ue no Ponyo,"$205,312,666 ","$15,090,399 ","$190,222,267 "
804,2009,The Ugly Truth,"$205,298,907 ","$88,915,214 ","$116,383,693 "
805,2006,The Holiday,"$205,190,324 ","$63,280,000 ","$141,910,324 "
806,2010,Yogi Bear,"$204,774,690 ","$100,246,011 ","$104,528,679 "
807,2008,Valkyrie,"$203,932,174 ","$83,107,829 ","$120,824,345 "
808,2004,King Arthur,"$203,653,524 ","$51,877,963 ","$151,775,561 "
809,1979,Alien,"$203,626,500 ","$80,930,630 ","$122,695,870 "
810,2016,Arrival,"$203,127,894 ","$100,546,139 ","$102,581,755 "
811,2017,A Dog’s Purpose,"$203,055,427 ","$64,321,890 ","$138,733,537 "
812,2005,Fun With Dick And Jane,"$203,018,919 ","$110,550,000 ","$92,468,919 "
813,2008,You Don't Mess With the Zohan,"$202,910,991 ","$100,018,837 ","$102,892,154 "
814,2007,Hairspray,"$202,822,861 ","$118,871,849 ","$83,951,012 "
815,2012,21 Jump Street,"$202,812,429 ","$138,447,667 ","$64,364,762 "
816,2001,Vanilla Sky,"$202,726,605 ","$100,614,858 ","$102,111,747 "
817,2015,Straight Outta Compton,"$202,182,981 ","$161,197,785 ","$40,985,196 "
818,1998,Patch Adams,"$202,173,000 ","$135,014,968 ","$67,158,032 "
819,1990,Teenage Mutant Ninja Turtles,"$202,000,000 ","$135,265,915 ","$66,734,085 "
820,1990,Kindergarten Cop,"$202,000,000 ","$91,457,688 ","$110,542,312 "
821,2020,Birds of Prey (And the Fantabulous Em…,"$201,858,461 ","$84,158,461 ","$117,700,000 "
822,1983,Flashdance,"$201,463,574 ","$90,463,574 ","$111,000,000 "
823,1993,Philadelphia,"$201,324,422 ","$77,324,422 ","$124,000,000 "
824,2013,Percy Jackson: Sea of Monsters,"$200,859,554 ","$68,559,554 ","$132,300,000 "
825,2001,Cats & Dogs,"$200,700,000 ","$93,375,151 ","$107,324,849 "
826,1990,The Hunt for Red October,"$200,500,000 ","$120,709,866 ","$79,790,134 "
827,1979,Rocky 2,"$200,182,160 ","$85,182,160 ","$115,000,000 "
828,2019,The Addams Family,"$199,933,101 ","$97,185,807 ","$102,747,294 "
829,2016,The BFG,"$199,646,680 ","$55,483,770 ","$144,162,910 "
830,2019,Wu Sha,"$199,276,793 ",,"$199,276,793 "
831,2002,Two Weeks Notice,"$199,043,309 ","$93,354,918 ","$105,688,391 "
832,1998,City of Angels,"$198,750,909 ","$78,750,909 ","$120,000,000 "
833,2018,Yi Chu Hao Xi,"$198,330,770 ","$670,883 ","$197,659,887 "
834,2005,The Pacifier,"$198,006,880 ","$113,006,880 ","$85,000,000 "
835,2001,Spy Kids,"$197,692,062 ","$112,692,062 ","$85,000,000 "
836,2013,Jack the Giant Slayer,"$197,687,603 ","$65,187,603 ","$132,500,000 "
837,2012,The Vow,"$197,618,160 ","$125,014,030 ","$72,604,130 "
838,2005,Wallace & Gromit: The Curse of the We…,"$197,593,152 ","$56,068,547 ","$141,524,605 "
839,2017,Smurfs: The Lost Village,"$197,578,586 ","$45,020,282 ","$152,558,304 "
840,2018,Christopher Robin,"$197,504,758 ","$99,215,042 ","$98,289,716 "
841,2015,The Intern,"$197,115,710 ","$75,764,672 ","$121,351,038 "
842,1994,Stargate,"$196,565,669 ","$71,565,669 ","$125,000,000 "
843,2010,Red,"$196,439,693 ","$90,380,162 ","$106,059,531 "
844,2004,50 First Dates,"$196,320,329 ","$120,776,832 ","$75,543,497 "
845,2002,Panic Room,"$196,308,367 ","$95,308,367 ","$101,000,000 "
846,2017,The Shape of Water,"$195,790,794 ","$63,859,435 ","$131,931,359 "
847,2003,Anger Management,"$195,484,552 ","$135,560,942 ","$59,923,610 "
848,1981,For Your Eyes Only,"$195,300,000 ","$54,800,000 ","$140,500,000 "
849,2016,London Has Fallen,"$195,194,085 ","$62,524,260 ","$132,669,825 "
850,2014,The Other Woman,"$195,111,193 ","$83,911,193 ","$111,200,000 "
851,2007,Beowulf,"$195,080,579 ","$82,280,579 ","$112,800,000 "
852,2009,Paranormal Activity,"$194,183,034 ","$107,918,810 ","$86,264,224 "
853,2014,Need for Speed,"$194,169,619 ","$43,568,507 ","$150,601,112 "
854,2016,Xi You Ji zhi Sun Wu Kong San Da Bai …,"$194,058,503 ","$709,982 ","$193,348,521 "
855,2019,Downton Abbey,"$194,051,302 ","$96,853,865 ","$97,197,437 "
856,2011,Gnomeo and Juliet,"$193,737,977 ","$99,967,670 ","$93,770,307 "
857,2002,The Sum of All Fears,"$193,500,000 ","$118,471,320 ","$75,028,680 "
858,2017,Paddington 2,"$193,467,754 ","$40,891,591 ","$152,576,163 "
859,2014,The Equalizer,"$192,903,624 ","$101,530,738 ","$91,372,886 "
860,2019,Yip Man 4,"$192,617,891 ","$3,956,031 ","$188,661,860 "
861,2019,Rocketman,"$192,137,020 ","$96,368,160 ","$95,768,860 "
862,2006,Open Season,"$191,932,158 ","$85,105,259 ","$106,826,899 "
863,2005,The Longest Yard,"$191,558,505 ","$158,119,460 ","$33,439,045 "
864,1991,The Addams Family,"$191,502,246 ","$113,502,246 ","$78,000,000 "
865,1987,The Living Daylights,"$191,200,000 ","$51,185,000 ","$140,015,000 "
866,2000,Hollow Man,"$191,200,000 ","$73,209,340 ","$117,990,660 "
867,2008,Tropic Thunder,"$191,145,256 ","$110,515,313 ","$80,629,943 "
868,1981,Superman II,"$190,400,000 ","$108,185,706 ","$82,214,294 "
869,2018,The Equalizer 2,"$190,376,181 ","$102,084,362 ","$88,291,819 "
870,2003,Cheaper by the Dozen,"$190,212,113 ","$138,614,544 ","$51,597,569 "
871,2019,Tenki no Ko,"$190,208,169 ","$7,798,703 ","$182,409,466 "
872,1998,The Waterboy,"$190,191,646 ","$161,491,646 ","$28,700,000 "
873,2019,The LEGO Movie 2: The Second Part,"$190,131,036 ","$105,806,508 ","$84,324,528 "
874,1995,Outbreak,"$190,023,573 ","$67,823,573 ","$122,200,000 "
875,1994,The Santa Clause,"$189,800,000 ","$144,833,357 ","$44,966,643 "
876,2011,Mr. Poppers's Penguins,"$189,624,452 ","$68,224,452 ","$121,400,000 "
877,1998,The X Files: Fight the Future,"$189,176,423 ","$83,898,313 ","$105,278,110 "
878,2014,Xin Hua Lu Fang,"$188,744,961 ","$774,961 ","$187,970,000 "
879,1988,Rambo III,"$188,715,611 ","$53,715,611 ","$135,000,000 "
880,2011,Hop,"$188,657,593 ","$108,085,305 ","$80,572,288 "
881,1993,The Pelican Brief,"$187,995,859 ","$100,768,056 ","$87,227,803 "
882,2019,Abominable,"$187,886,443 ","$60,716,390 ","$127,170,053 "
883,2013,The Secret Life of Walter Mitty,"$187,861,183 ","$58,236,838 ","$129,624,345 "
884,2005,Walk the Line,"$187,707,495 ","$119,519,402 ","$68,188,093 "
885,1983,Octopussy,"$187,500,000 ","$67,900,000 ","$119,600,000 "
886,1995,Heat,"$187,433,328 ","$67,436,818 ","$119,996,510 "
887,2009,The Final Destination,"$187,384,627 ","$66,477,700 ","$120,906,927 "
888,1993,In the Line of Fire,"$187,343,874 ","$102,243,874 ","$85,100,000 "
889,2004,The Grudge,"$187,281,115 ","$110,359,362 ","$76,921,753 "
890,2009,Watchmen,"$186,976,250 ","$107,509,799 ","$79,466,451 "
891,1998,The Horse Whisperer,"$186,883,563 ","$75,383,563 ","$111,500,000 "
892,2009,Knowing,"$186,450,317 ","$79,957,634 ","$106,492,683 "
893,2001,Atlantis: The Lost Empire,"$186,049,020 ","$84,052,762 ","$101,996,258 "
894,2018,Wu Shuang,"$186,027,770 ",,"$186,027,770 "
895,2009,Paul Blart: Mall Cop,"$185,904,750 ","$146,336,178 ","$39,568,572 "
896,2006,Inside Man,"$185,798,265 ","$88,634,237 ","$97,164,028 "
897,2017,Pitch Perfect 3,"$185,736,412 ","$104,897,530 ","$80,838,882 "
898,2007,I Now Pronounce You Chuck and Larry,"$185,708,462 ","$119,725,280 ","$65,983,182 "
899,2019,The White Storm 2: Drug Lords,"$185,427,900 ",,"$185,427,900 "
900,1977,The Spy Who Loved Me,"$185,400,000 ","$46,800,000 ","$138,600,000 "
901,1937,Snow White and the Seven Dwarfs,"$184,925,486 ","$184,925,486 ",
902,2002,Road to Perdition,"$183,354,514 ","$104,054,514 ","$79,300,000 "
903,2016,Storks,"$183,353,431 ","$72,679,278 ","$110,674,153 "
904,1986,Aliens,"$183,300,764 ","$85,160,248 ","$98,140,516 "
905,2002,Gangs of New York,"$183,124,621 ","$77,730,500 ","$105,394,121 "
906,1992,Wayne's World,"$183,097,323 ","$121,697,323 ","$61,400,000 "
907,1994,Maverick,"$183,015,237 ","$101,631,272 ","$81,383,965 "
908,2003,Daredevil,"$182,782,518 ","$102,543,518 ","$80,239,000 "
909,2016,Du cheng feng yun III,"$182,579,909 ",,"$182,579,909 "
910,2002,Sweet Home Alabama,"$182,365,114 ","$127,214,072 ","$55,151,042 "
911,1991,Cape Fear,"$182,291,969 ","$79,091,969 ","$103,200,000 "
912,1995,While You Were Sleeping,"$182,057,016 ","$81,057,016 ","$101,000,000 "
913,2015,Jupiter Ascending,"$181,982,519 ","$47,482,519 ","$134,500,000 "
914,1996,The Birdcage,"$181,760,553 ","$124,060,553 ","$57,700,000 "
915,2006,Poseidon,"$181,674,817 ","$60,674,817 ","$121,000,000 "
916,1996,The First Wives Club,"$181,489,203 ","$105,489,203 ","$76,000,000 "
917,2009,He's Just Not That Into You,"$181,053,657 ","$93,953,653 ","$87,100,004 "
918,2006,Déjà Vu,"$181,038,616 ","$64,038,616 ","$117,000,000 "
919,2016,Bad Moms,"$180,998,716 ","$113,257,297 ","$67,741,419 "
920,2004,Scooby-Doo 2: Monsters Unleashed,"$180,856,996 ","$84,185,387 ","$96,671,609 "
921,2013,12 Years a Slave,"$180,790,756 ","$56,671,993 ","$124,118,763 "
922,2008,Eagle Eye,"$180,585,259 ","$101,440,743 ","$79,144,516 "
923,1999,The Haunting,"$180,188,905 ","$91,188,905 ","$89,000,000 "
924,2012,The Dictator,"$180,148,897 ","$59,650,222 ","$120,498,675 "
925,2011,Hugo,"$180,047,784 ","$73,864,507 ","$106,183,277 "
926,2017,The Post,"$179,769,457 ","$81,903,458 ","$97,865,999 "
927,2006,Flushed Away,"$179,357,126 ","$64,665,672 ","$114,691,454 "
928,2003,The League of Extraordinary Gentlemen,"$179,265,204 ","$66,465,204 ","$112,800,000 "
929,2001,Moulin Rouge,"$179,199,536 ","$57,386,369 ","$121,813,167 "
930,1995,Dangerous Minds,"$178,919,401 ","$84,919,401 ","$94,000,000 "
931,2006,Scary Movie 4,"$178,710,620 ","$90,710,620 ","$88,000,000 "
932,2003,How to Lose a Guy in 10 Days,"$178,503,788 ","$105,807,520 ","$72,696,268 "
933,1997,Dante’s Peak,"$178,200,000 ","$67,163,857 ","$111,036,143 "
934,1992,Patriot Games,"$178,100,000 ","$83,287,363 ","$94,812,637 "
935,1997,Flubber,"$177,993,801 ","$92,993,801 ","$85,000,000 "
936,1999,Double Jeopardy,"$177,835,231 ","$116,735,231 ","$61,100,000 "
937,2004,Jet Li's Hero,"$177,535,958 ","$53,652,140 ","$123,883,818 "
938,2010,Paranormal Activity 2,"$177,512,032 ","$84,752,907 ","$92,759,125 "
939,2010,The A-Team,"$177,241,171 ","$77,222,099 ","$100,019,072 "
940,1982,Tootsie,"$177,200,000 ","$177,200,000 ",
941,2013,Lee Daniels' The Butler,"$177,025,498 ","$116,632,095 ","$60,393,403 "
942,2005,Brokeback Mountain,"$176,980,863 ","$83,043,761 ","$93,937,102 "
943,1999,Analyze This,"$176,885,658 ","$106,885,658 ","$70,000,000 "
944,2003,Kill Bill: Volume 1,"$176,469,428 ","$70,098,138 ","$106,371,290 "
945,2005,The 40 Year-old Virgin,"$176,276,839 ","$109,449,237 ","$66,827,602 "
946,1991,Hot Shots!,"$176,267,322 ","$68,267,322 ","$108,000,000 "
947,2003,The Italian Job,"$176,262,839 ","$106,126,012 ","$70,136,827 "
948,2001,Dr. Dolittle 2,"$176,101,721 ","$112,950,721 ","$63,151,000 "
949,2011,Cowboys and Aliens,"$176,038,324 ","$100,368,560 ","$75,669,764 "
950,2017,Baywatch,"$175,863,783 ","$58,060,186 ","$117,803,597 "
951,2017,Daddy’s Home 2,"$175,807,183 ","$104,029,443 ","$71,777,740 "
952,1995,The Bridges of Madison County,"$175,516,617 ","$71,516,617 ","$104,000,000 "
953,2011,The Descendants,"$175,507,800 ","$82,624,961 ","$92,882,839 "
954,2013,Identity Thief,"$175,361,578 ","$134,506,920 ","$40,854,658 "
955,1991,Sleeping with the Enemy,"$174,968,942 ","$101,599,005 ","$73,369,937 "
956,2007,The Bucket List,"$174,807,445 ","$93,466,502 ","$81,340,943 "
957,1997,George Of The Jungle,"$174,463,257 ","$105,263,257 ","$69,200,000 "
958,2016,Operation Mekong,"$174,279,252 ","$800,012 ","$173,479,240 "
959,2016,The Girl on the Train,"$174,278,214 ","$75,395,035 ","$98,883,179 "
960,2001,Le Fabuleux destin d'Amélie Poulain,"$174,201,661 ","$33,201,661 ","$141,000,000 "
961,2007,Evan Almighty,"$174,131,329 ","$100,289,690 ","$73,841,639 "
962,2018,The Mule,"$173,671,418 ","$103,804,407 ","$69,867,011 "
963,2012,Mirror Mirror,"$173,613,482 ","$64,935,167 ","$108,678,315 "
964,2015,Creed,"$173,567,581 ","$109,767,581 ","$63,800,000 "
965,2000,Big Momma's House,"$173,559,438 ","$117,559,438 ","$56,000,000 "
966,1996,Scream,"$173,046,663 ","$103,046,663 ","$70,000,000 "
967,2004,Along Came Polly,"$173,044,410 ","$88,073,507 ","$84,970,903 "
968,2013,Olympus Has Fallen,"$172,878,928 ","$98,927,592 ","$73,951,336 "
969,2002,The Santa Clause 2,"$172,825,854 ","$139,225,854 ","$33,600,000 "
970,2018,Insidious: The Last Key,"$172,811,971 ","$67,745,330 ","$105,066,641 "
971,2017,The Hitman’s Bodyguard,"$172,778,667 ","$75,468,583 ","$97,310,084 "
972,2004,AVP: Alien Vs. Predator,"$172,543,519 ","$80,281,096 ","$92,262,423 "
973,2009,Couples Retreat,"$172,450,423 ","$109,205,660 ","$63,244,763 "
974,1997,Scream 2,"$172,363,301 ","$101,363,301 ","$71,000,000 "
975,2013,Anchorman 2: The Legend Continues,"$172,246,223 ","$127,413,176 ","$44,833,047 "
976,2016,The Divergent Series: Allegiant,"$172,022,517 ","$66,184,051 ","$105,838,466 "
977,2010,Jackass 3D,"$171,685,793 ","$117,229,692 ","$54,456,101 "
978,2006,Blood Diamond,"$171,377,916 ","$57,377,916 ","$114,000,000 "
979,2017,John Wick: Chapter Two,"$171,317,271 ","$92,029,184 ","$79,288,087 "
980,2008,Cloverfield,"$171,302,226 ","$80,048,433 ","$91,253,793 "
981,2002,Mr. Deeds,"$171,269,535 ","$126,293,452 ","$44,976,083 "
982,2010,The Other Guys,"$170,936,470 ","$119,219,978 ","$51,716,492 "
983,2011,Zookeeper,"$170,805,525 ","$80,360,866 ","$90,444,659 "
984,2007,Meet the Robinsons,"$170,552,719 ","$97,822,171 ","$72,730,548 "
985,2012,Magic Mike,"$170,549,753 ","$113,721,571 ","$56,828,182 "
986,2012,Looper,"$170,466,405 ","$66,486,205 ","$103,980,200 "
987,1994,The Specialist,"$170,362,581 ","$57,362,581 ","$113,000,000 "
988,2004,Starsky & Hutch,"$170,200,225 ","$88,200,225 ","$82,000,000 "
989,2018,The Nutcracker and the Four Realms,"$170,024,300 ","$54,858,851 ","$115,165,449 "
990,2012,Shi Er Sheng Xiao,"$169,994,606 ",,"$169,994,606 "
991,2007,Superbad,"$169,955,142 ","$121,463,226 ","$48,491,916 "
992,2015,Jian Bing Man,"$169,842,267 ",,"$169,842,267 "
993,2012,The Impossible,"$169,590,606 ","$19,019,882 ","$150,570,724 "
994,1997,The Saint,"$169,400,000 ","$61,363,304 ","$108,036,696 "
995,2000,The Emperor's New Groove,"$169,296,573 ","$89,296,573 ","$80,000,000 "
996,2009,Hannah Montana: The Movie,"$169,173,206 ","$79,576,189 ","$89,597,017 "
997,2016,Hacksaw Ridge,"$168,904,682 ","$67,209,615 ","$101,695,067 "
998,1995,12 Monkeys,"$168,841,459 ","$57,141,459 ","$111,700,000 "
999,2008,Four Christmases,"$168,311,558 ","$120,146,040 ","$48,165,518 "
"1,000",2008,Burn After Reading,"$168,167,798 ","$60,355,347 ","$107,812,45"
